, Product ID,Product Name,Category,Rating,Timestamp,Image URL,Price,Color,RAM,Storage,Descriptoin
229,TEL_091,108 cm (43) Crystal UHD AU8000 4K Smart TV 2021,Television,4.3,NA,https://images.samsung.com/is/image/samsung/p6pim/in/ua55au9070ulxl/gallery/in-crystal-uhd-au9000-ua55au9070ulxl-thumb-537268148?$Q90_330_330_F_PNG$,41990,Black,NA,NA,43 inch Crystal UHD 4K TV with UHD processor
220,TEL_082,108 cm (43) Crystal UHD CU8570 4K Smart TV 2023,Television,4.3,NA,https://images.samsung.com/is/image/samsung/p6pim/in/ua43cu8570ulxl/gallery/in-crystal-uhd-cu8500-ua43cu8570ulxl-thumb-535862563?$Q90_330_330_F_PNG$,41990,Black,NA,NA,43 inch Crystal UHD 4K TV with smart platform
218,TEL_080,108 cm (43) Crystal UHD CUE60 4K Smart TV 2023,Television,4.3,NA,https://images.samsung.com/is/image/samsung/p6pim/in/ua43cue60aklxl/gallery/in-crystal-uhd-cu7000-458954-ua43cue60aklxl-536446982?$684_547_PNG$,41990,Black,NA,NA,43 inch Crystal UHD 4K TV with HDR support
232,TEL_094,108 cm (43) Crystal UHD CUE70 4K Smart TV 2023,Television,4.3,NA,https://images.samsung.com/is/image/samsung/p6pim/in/ua43cue70aklxl/energylabel/in-energylabel-product-ua43cue70aklxl-thumb-549437519?$Q90_330_330_F_PNG$,41990,Black,NA,NA,43 inch Crystal UHD 4K TV with HDR support and smart features
217,TEL_079,108 cm (43) Crystal UHD DU7000 4K Smart TV 2024,Television,4.3,NA,https://images.samsung.com/is/image/samsung/p6pim/in/ua43du7000klxl/energylabel/in-energylabel-product-ua43du7000klxl-thumb-550175796?$Q90_330_330_F_PNG$,41990,Black,NA,NA,43 inch Crystal UHD 4K TV with smart features
211,TEL_073,108 cm (43) Crystal UHD DU7660 4K Smart TV 2024,Television,4.3,NA,https://images.samsung.com/is/image/samsung/p6pim/in/ua43du7660klxl/energylabel/in-energylabel-product-ua43du7660klxl-thumb-550175882?$Q90_330_330_F_PNG$,42990,Black,NA,NA,43 inch Crystal UHD 4K Smart TV with clear picture quality
223,TEL_085,108 cm (43) Crystal UHD DU7700 4K Smart TV 2024,Television,4.3,NA,https://images.samsung.com/is/image/samsung/p6pim/in/ua55au7600kxxl/gallery/in-uhd-au7002-ua55au7600kxxl-thumb-532459543?$Q90_330_330_F_PNG$,42990,Black,NA,NA,43 inch Crystal UHD 4K TV with clear picture and HDR
215,TEL_077,108 cm (43) Crystal UHD DU8300 4K Smart TV 2024,Television,4.4,NA,https://images.samsung.com/is/image/samsung/p6pim/in/ua43du8300ulxl/energylabel/in-energylabel-product-ua43du8300ulxl-thumb-550175890?$Q90_330_330_F_PNG$,44990,Black,NA,NA,43 inch Crystal UHD 4K TV with HDR10 support
212,TEL_074,108 cm (43) Crystal UHD DUE70 4K Smart TV 2024,Television,4.3,NA,https://images.samsung.com/is/image/samsung/p6pim/in/ua43due70bklxl/energylabel/in-energylabel-product-ua43due70bklxl-thumb-550175901?$Q90_330_330_F_PNG$,42990,Black,NA,NA,43 inch Crystal UHD 4K TV with vibrant color support
214,TEL_076,108 cm (43) Crystal UHD DUE76 4K Smart TV 2024,Television,4.3,NA,https://images.samsung.com/is/image/samsung/p6pim/in/ua43due76aklxl/energylabel/in-energylabel-product-ua43due76aklxl-thumb-550175910?$Q90_330_330_F_PNG$,42990,Black,NA,NA,43 inch Crystal UHD 4K TV with smart hub
216,TEL_078,108 cm (43) Crystal UHD DUE77 4K Smart TV 2024,Television,4.3,NA,https://images.samsung.com/is/image/samsung/p6pim/in/ua43due77aklxl/energylabel/in-energylabel-product-ua43due77aklxl-thumb-550175915?$Q90_330_330_F_PNG$,42990,Black,NA,NA,43 inch Crystal UHD 4K TV with UHD processor
213,TEL_075,108 cm (43) Crystal UHD DUE80 4K Smart TV 2024,Television,4.4,NA,https://images.samsung.com/is/image/samsung/p6pim/in/ua43due80aklxl/energylabel/in-energylabel-product-ua43due80aklxl-thumb-550175964?$Q90_330_330_F_PNG$,44990,Black,NA,NA,43 inch Crystal UHD 4K Smart TV with UHD processor
167,TEL_029,108 cm (43) Q7F QLED 4K Smart TV,Television,4.3,NA,https://images.samsung.com/is/image/samsung/p6pim/in/qa43q7faaulxl/gallery/in-qled-q7f-qa43q7faaulxl-thumb-546085451?$UX_EXT1_PNG$,49990,Titan Gray,NA,NA,43 inch QLED 4K TV with smart features and rich colors
162,TEL_024,108 cm (43) QLED LS03D 4K The Frame Smart TV 2024,Television,4.5,NA,https://images.samsung.com/is/image/samsung/p6pim/in/qa43ls03daulxl/gallery/in-the-frame-ls03d-qa43ls03daulxl-thumb-540988278?$UX_EXT1_PNG$,59990,White,NA,NA,43 inch The Frame QLED 4K TV with art display mode
184,TEL_046,108 cm (43) QLED Q60B 4K Smart TV 2022,Television,4.3,NA,https://images.samsung.com/is/image/samsung/p6pim/in/qa43q60baklxl/gallery/in-qled-q60b-qa43q60baklxl-thumb-537158522?$216_216_PNG$,44990,Titan Gray,NA,NA,43 inch QLED 4K TV with HDR and smart features
180,TEL_042,108 cm (43) QLED Q60C 4K Smart TV 2023,Television,4.3,NA,https://images.samsung.com/is/image/samsung/p6pim/in/qa43q60caklxl/gallery/in-qled-q60c-454607-qa43q60caklxl-thumb-535964635?$216_216_PNG$,49990,Titan Gray,NA,NA,43 inch QLED 4K TV with HDR and smart platform
172,TEL_034,108 cm (43) QLED Q60D 4K Smart TV 2024,Television,4.3,NA,https://images.samsung.com/is/image/samsung/p6pim/in/qa43q60daulxl/gallery/in-qled-q60d-qa43q60daulxl-thumb-539976058?$UX_EXT1_PNG$,54990,Titan Gray,NA,NA,43 inch QLED 4K TV with HDR and vibrant color
163,TEL_025,108 cm (43) QLED Q8F 4K Samsung Vision AI Smart TV 2025,Television,4.6,NA,https://images.samsung.com/is/image/samsung/p6pim/in/qa43q8faaulxl/gallery/in-qled-q8f-544772-qa43q8faaulxl-thumb-546563059?$UX_EXT1_PNG$,69990,Titan Gray,NA,NA,43 inch QLED 4K TV with AI picture enhancements
159,TEL_021,108 cm (43) QLED QEF1 4K Samsung Vision AI Smart TV,Television,4.3,NA,https://images.samsung.com/is/image/samsung/p6pim/in/qa43qef1aulxl/gallery/in-qled-qef1-qa43qef1aulxl-thumb-545918202?$216_216_PNG$,49990,Titan Gray,NA,NA,43 inch QLED 4K TV with Vision AI enhancements
155,TEL_017,108 cm (43) QLED QEF6 4K Samsung Vision AI Smart TV,Television,4.3,NA,https://images.samsung.com/is/image/samsung/p6pim/in/qa43qef6aulxl/gallery/in-qled-tv-qa43qef6aulxl------m------qled-qef---k-samsung-vision-ai-smart-tv-titanium-gray-thumb-548462572?$216_216_PNG$,49990,Titan Gray,NA,NA,43 inch QLED 4K TV with AI upscaling and vibrant colors
207,TEL_069,108 cm (43) U8100F Crystal 4K UHD Smart TV 2025,Television,4.3,NA,https://images.samsung.com/is/image/samsung/p6pim/in/ua43u8100fulxl/energylabel/in-energylabel-product-ua43u8100fulxl-thumb-550202830?$Q90_330_330_F_PNG$,41990,Black,NA,NA,43 inch Crystal UHD 4K TV with smart platform and easy setup
205,TEL_067,108 cm (43) U8400F Crystal 4K UHD Smart TV 2025,Television,4.3,NA,https://images.samsung.com/is/image/samsung/p6pim/in/ua43u8400fulxl/energylabel/in-energylabel-product-ua43u8400fulxl-thumb-550203030?$Q90_330_330_F_PNG$,42990,Black,NA,NA,43 inch Crystal UHD 4K TV with HDR support and smart apps
203,TEL_065,108 cm (43) U8600F Crystal 4K UHD Smart TV 2025,Television,4.4,NA,https://images.samsung.com/is/image/samsung/p6pim/in/ua43u8600fulxl/energylabel/in-energylabel-product-ua43u8600fulxl-thumb-550203603?$Q90_330_330_F_PNG$,44990,Black,NA,NA,43 inch Crystal UHD 4K TV with AI picture engine
200,TEL_062,108 cm (43) UE81A Crystal 4K UHD Smart TV 2025,Television,4.3,NA,https://images.samsung.com/is/image/samsung/p6pim/in/ua43ue81afulxl/energylabel/in-energylabel-product-ua43ue81afulxl-thumb-550348954?$Q90_330_330_F_PNG$,44990,Black,NA,NA,43 inch Crystal UHD 4K Smart TV with vibrant colors and HDR
202,TEL_064,108 cm (43) UE84AF Crystal 4K UHD Smart TV 2025,Television,4.4,NA,https://images.samsung.com/is/image/samsung/p6pim/in/ua43ue84afulxl/energylabel/in-energylabel-product-ua43ue84afulxl-thumb-550349018?$Q90_330_330_F_PNG$,45990,Black,NA,NA,43 inch Crystal UHD 4K Smart TV with enhanced color and clarity
201,TEL_063,108 cm (43) UE86AF Crystal 4K UHD Smart TV,Television,4.3,NA,https://images.samsung.com/is/image/samsung/p6pim/in/ua43ue86afulxl/energylabel/in-energylabel-product-ua43ue86afulxl-thumb-550349041?$Q90_330_330_F_PNG$,45990,Black,NA,NA,43 inch Crystal UHD 4K TV with UHD processor and smart features
190,TEL_052,123 cm (49) QLED LS01T 4K The Serif TV 2020,Television,4.3,NA,https://images.samsung.com/is/image/samsung/in-the-serif-ls01t-qa49ls01takxxl-thumb-268661935?$216_216_PNG$,199990,Beige,NA,NA,49 inch The Serif QLED 4K TV with designer stand
179,TEL_041,125 cm (50) QLED LS03B 4K The Frame TV 2022,Television,4.5,NA,https://images.samsung.com/is/image/samsung/p6pim/in/qa50ls03baklxl/gallery/in-the-frame-ls03b-qa50ls03baklxl-thumb-531285554?$216_216_PNG$,63990,White,NA,NA,50 inch The Frame QLED 4K TV with art mode design
161,TEL_023,125 cm (50) QLED LS03F The Frame 4K Smart TV,Television,4.7,NA,https://images.samsung.com/is/image/samsung/p6pim/in/qa50ls03faulxl/gallery/in-the-frame-ls03f-qa50ls03faulxl-thumb-547293981?$UX_EXT1_PNG$,63990,White,NA,NA,50 inch The Frame QLED 4K TV with art mode and customizable bezels
193,TEL_055,125 cm (50) QLED Q80A 4K Smart TV 2021,Television,4.4,NA,https://images.samsung.com/is/image/samsung/p6pim/in/qa50q80aaklxl/gallery/in-qled-q80a-qa50q80aaklxl-thumb-427566275?$216_216_PNG$,79990,Titan Gray,NA,NA,50 inch QLED 4K TV with enhanced contrast
224,TEL_086,138 cm (55) Crystal UHD AU7600 4K Smart TV 2022,Television,4.4,NA,https://images.samsung.com/is/image/samsung/p6pim/in/ua85bu8000kxxl/gallery/in-crystaluhd-bu8000-ua85bu8000kxxl-thumb-537233698?$Q90_330_330_F_PNG$,64990,Black,NA,NA,55 inch Crystal UHD 4K TV with HDR10 and smart features
230,TEL_092,138 cm (55) Crystal UHD AU9070 4K Smart TV 2021,Television,4.4,NA,https://images.samsung.com/is/image/samsung/in-uhd-tv-tu8000-ua75tu8000kxxl-frontblack-thumb-226346469?$Q90_330_330_F_PNG$,64990,Black,NA,NA,55 inch Crystal UHD 4K TV with smart platform
219,TEL_081,138 cm (55) Crystal UHD AUE65 4K Smart TV 2022,Television,4.4,NA,https://images.samsung.com/is/image/samsung/p6pim/in/ua55aue65akxxl/gallery/in-uhd-au7002-425303-ua55aue65akxxl-thumb-532615702?$Q90_330_330_F_PNG$,64990,Black,NA,NA,55 inch Crystal UHD 4K TV with vibrant colors
227,TEL_089,138 cm (55) Crystal UHD AUE70 4K Smart TV 2021,Television,4.4,NA,https://images.samsung.com/is/image/samsung/in-uhd-tv-tue60a-ua55tue60akxxl-fronttitangray-thumb-231850699?$Q90_330_330_F_PNG$,63990,Black,NA,NA,55 inch Crystal UHD 4K TV with vibrant colors
222,TEL_084,138 cm (55) Crystal UHD CU7700 4K Smart TV 2023,Television,4.4,NA,https://images.samsung.com/is/image/samsung/p6pim/in/ua55cu7700klxl/gallery/in-crystal-uhd-cu7000-ua55cu7700klxl-thumb-535859807?$Q90_330_330_F_PNG$,69990,Black,NA,NA,55 inch Crystal UHD 4K TV with smart features
228,TEL_090,138 cm (55) Crystal UHD TUE60 4K Smart TV 2020,Television,4.4,NA,https://images.samsung.com/is/image/samsung/p6pim/in/ua43au8000klxl/gallery/in-crystal-uhd-au8000-ua43au8000klxl-thumb-427395271?$Q90_330_330_F_PNG$,62990,Black,NA,NA,55 inch Crystal UHD 4K TV with HDR10 and smart platform
173,TEL_035,138 cm (55) Neo QLED 4K QN85D Smart AI TV 2024,Television,4.5,NA,https://images.samsung.com/is/image/samsung/p6pim/in/qa65qn800duxxl/gallery/in-qled-qn800d-qa65qn800duxxl-thumb-540992385?$UX_EXT1_PNG$,129990,Titan Gray,NA,NA,55 inch Neo QLED 4K TV with AI processing and strong contrast
176,TEL_038,138 cm (55) Neo QLED 4K QNX1D Smart AI TV 2024,Television,4.5,NA,https://images.samsung.com/is/image/samsung/p6pim/in/qa55qnx1daulxl/energylabel/in-energylabel-product-qa55qnx1daulxl-550163917?$684_547_PNG$,119990,Titan Gray,NA,NA,55 inch Neo QLED 4K TV with advanced AI picture features
174,TEL_036,138 cm (55) Neo QLED QN1EF 4K Samsung Vision AI Smart TV,Television,4.4,NA,https://images.samsung.com/is/image/samsung/p6pim/in/qa55qn1efaulxl/gallery/in-qled-qn1ef-qa55qn1efaulxl-thumb-547336608?$UX_EXT1_PNG$,119990,Titan Gray,NA,NA,55 inch Neo QLED 4K TV with core AI capabilities
160,TEL_022,138 cm (55) Neo QLED QN70F 4K Smart TV 2025,Television,4.4,NA,https://images.samsung.com/is/image/samsung/p6pim/in/qa55qn70faulxl/energylabel/in-energylabel-product-qa55qn70faulxl-thumb-550457477?$Q90_330_330_F_PNG$,119990,Titan Gray,NA,NA,55 inch Neo QLED 4K TV with core smart and picture features
165,TEL_027,138 cm (55) Neo QLED QN85F 4K Samsung Vision AI Smart TV,Television,4.6,NA,https://images.samsung.com/is/content/samsung/p6pim/uk/qe55qn85fauxxu/gallery/uk-qled-qn85f-qe55qn85fauxxu-thumb-549218152.webp?$Q90_330_330_F_PNG$,129990,Titan Gray,NA,NA,55 inch Neo QLED 4K TV with strong AI based picture processing
158,TEL_020,138 cm (55) Neo QLED QN90F 4K Samsung Vision AI Smart TV,Television,4.5,NA,https://images.samsung.com/is/image/samsung/p6pim/in/qa55qn90faulxl/gallery/in-qled-qn90f-qa55qn90faulxl-thumb-547298126?$Q90_330_330_F_PNG$,159990,Titan Gray,NA,NA,55 inch Neo QLED 4K TV with AI processor and glare free display
164,TEL_026,138 cm (55) OLED S90F 4K Samsung Vision AI Smart TV,Television,4.8,NA,https://images.samsung.com/is/image/samsung/p6pim/in/qa55s90faulxl/gallery/in-oled-s90f-qa55s90faulxl-thumb-546589240?$UX_EXT1_PNG$,154990,Black,NA,NA,55 inch OLED 4K TV with AI processing and wide viewing angles
186,TEL_048,138 cm (55) QLED LS03A 4K The Frame TV 2021,Television,4,NA,https://images.samsung.com/is/image/samsung/p6pim/in/qa55ls03aaklxl/gallery/in-the-frame-ls03a-qa55ls03aaklxl-thumb-427413803?$216_216_PNG$,63990,White,NA,NA,55 inch The Frame QLED 4K TV with art display
192,TEL_054,138 cm (55) QLED Q60A 4K Smart TV 2021,Television,4.3,NA,https://images.samsung.com/is/image/samsung/p6pim/in/qa55q60aaklxl/gallery/in-qled-q60a-qa55q60aaklxl-thumb-427566824?$216_216_PNG$,54990,Titan Gray,NA,NA,55 inch QLED 4K TV with smart features
196,TEL_058,138 cm (55) QLED Q60T 4K Smart TV 2020,Television,4.4,NA,https://images.samsung.com/is/image/samsung/in-qled-tv-q60t-qa55q60takxxl-thumb-Thumb-248198139?$216_216_PNG$,64990,Titan Gray,NA,NA,55 inch QLED 4K TV with HDR10 support
195,TEL_057,138 cm (55) QLED Q70A 4K Smart TV 2021,Television,4.5,NA,https://images.samsung.com/is/image/samsung/p6pim/in/qa55q70aaklxl/gallery/in-qled-q70a-qa55q70aaklxl-thumb-427565027?$216_216_PNG$,70990,Titan Gray,NA,NA,55 inch QLED 4K TV with vibrant HDR
185,TEL_047,138 cm (55) QLED Q70B 4K Smart TV 2022,Television,4.4,NA,https://images.samsung.com/is/image/samsung/p6pim/in/qa55q70baklxl/gallery/in-qled-q70b-qa55q70baklxl-thumb-537265290?$216_216_PNG$,70990,Titan Gray,NA,NA,55 inch QLED 4K TV with Vision AI and HDR
171,TEL_033,138 cm (55) QLED Q70D 4K Smart TV 2024,Television,4.4,NA,https://images.samsung.com/is/image/samsung/p6pim/in/qa55q70daulxl/gallery/in-qled-q70d-qa55q70daulxl-thumb-539990467?$216_216_PNG$,70990,Titan Gray,NA,NA,55 inch QLED 4K TV with Vision AI and HDR support
199,TEL_061,138 cm (55) QLED Q70T 4K Smart TV 2020,Television,4.5,NA,https://images.samsung.com/is/image/samsung/in-qled-tv-q70t-qa55q70takxxl-thumb-Thumb-248232366?$216_216_PNG$,70990,Titan Gray,NA,NA,55 inch QLED 4K TV with HDR and smart platform
175,TEL_037,138 cm (55) QLED QE1D 4K Smart TV 2024,Television,4.3,NA,https://images.samsung.com/is/image/samsung/p6pim/in/qa55qe1daulxl/gallery/in-qled-qe1d-qa55qe1daulxl-thumb-540555142?$UX_EXT1_PNG$,59990,Titan Gray,NA,NA,55 inch QLED 4K TV with Vision AI enhancements
157,TEL_019,138 cm (55) S95F OLED 4K Smart TV 2025,Television,4.6,NA,https://images.samsung.com/is/image/samsung/p6pim/in/qa55s95faulxl/gallery/in-oled-s95f-qa55s95faulxl-thumb-547294397?$216_216_PNG$,154990,Black,NA,NA,55 inch OLED 4K TV with deep blacks and wide color gamut
187,TEL_049,163 cm (65) Neo QLED 8K QN800A Smart AI TV 2021,Television,4.1,NA,https://images.samsung.com/is/image/samsung/p6pim/in/qa65qn800akxxl/gallery/in-neo-qled-8k-qn800a-qa65qn800akxxl-thumb-430993481?$216_216_PNG$,269990,Titan Gray,NA,NA,65 inch Neo QLED 8K TV with advanced upscaling
178,TEL_040,163 cm (65) Neo QLED 8K QN800C Smart AI TV 2023,Television,4.4,NA,https://images.samsung.com/is/image/samsung/p6pim/in/qa65qn800ckxxl/gallery/in-qled-qn800c-qa65qn800ckxxl-thumb-535909366?$216_216_PNG$,269990,Titan Gray,NA,NA,65 inch Neo QLED 8K TV with premium visuals
168,TEL_030,163 cm (65) Neo QLED 8K QN800D Smart AI TV 2024,Television,4.6,NA,https://images.samsung.com/is/image/samsung/p6pim/in/qa65qn800duxxl/gallery/in-qled-qn800d-qa65qn800duxxl-thumb-540992385?$UX_EXT1_PNG$,269990,Titan Gray,NA,NA,65 inch Neo QLED 8K TV with AI upscaling and premium image quality
198,TEL_060,163 cm (65) QLED Q800T 8K Smart TV 2020,Television,4.6,NA,https://images.samsung.com/is/image/samsung/in-qled8k-q800t-qa65q800takxxl-thumb-Thumb-244057642?$216_216_PNG$,349990,Titan Gray,NA,NA,65 inch QLED 8K TV with immersive experience
166,TEL_028,163 cm (65) QN80F Neo QLED 4K Smart TV,Television,4.5,NA,https://images.samsung.com/is/image/samsung/p6pim/in/qa65qn80faulxl/gallery/in-qled-qn80f-qa65qn80faulxl-thumb-547298320?$UX_EXT1_PNG$,119990,Titan Gray,NA,NA,65 inch Neo QLED 4K TV with AI upscaling and vibrant display
156,TEL_018,163 cm (65) QN900F Neo QLED 8K Smart TV 2025,Television,4.9,NA,https://images.samsung.com/is/image/samsung/p6pim/in/qa65qn900fuxxl/gallery/in-qled-qn900f-qa65qn900fuxxl-thumb-545833093?$216_216_PNG$,319990,Titan Gray,NA,NA,65 inch Neo QLED 8K TV with advanced AI picture processing
204,TEL_066,176 cm (70) Crystal UHD U8500F 4K Smart TV 2025,Television,4.5,NA,https://images.samsung.com/is/image/samsung/p6pim/in/ua85u8500fuxxl/energylabel/in-energylabel-product-ua85u8500fuxxl-thumb-550207475?$Q90_330_330_F_PNG$,119990,Black,NA,NA,70 inch Crystal UHD 4K TV with smart hub and vibrant display
226,TEL_088,189 cm (75) Crystal UHD CU7650 4K Smart TV 2023,Television,4.5,NA,https://images.samsung.com/is/image/samsung/p6pim/in/ua55aue70aklxl/gallery/in-uhd-au7000-386744-ua55aue70aklxl-thumb-537502100?$Q90_330_330_F_PNG$,149990,Black,NA,NA,75 inch Crystal UHD 4K TV with clear and bright display
231,TEL_093,189 cm (75) Crystal UHD TU8000 4K Smart TV 2020,Television,4.5,NA,https://images.samsung.com/is/image/samsung/in-uhd-tv-tu8000-ua75tu8000kxxl-frontblack-thumb-226346469?$Q90_330_330_F_PNG$,139990,Black,NA,NA,75 inch Crystal UHD 4K TV with vibrant colors
170,TEL_032,189 cm (75) Neo QLED 4K QN90D Smart AI TV 2024,Television,4.5,NA,https://images.samsung.com/is/image/samsung/p6pim/in/qa75qn90dauxxl/energylabel/in-energylabel-product-qa75qn90dauxxl-thumb-550166675?$Q90_330_330_F_PNG$,319990,Titan Gray,NA,NA,75 inch Neo QLED 4K TV with AI enhancements and Mini LED panel
183,TEL_045,189 cm (75) Neo QLED 8K QN800B Smart AI TV 2022,Television,4.6,NA,https://images.samsung.com/is/image/samsung/p6pim/in/qa75qn800bkxxl/gallery/in-qled-qn800b-qa75qn800bkxxl-thumb-537156484?$216_216_PNG$,349990,Titan Gray,NA,NA,75 inch Neo QLED 8K TV with premium visuals
189,TEL_051,189 cm (75) QLED LS03T 4K The Frame TV 2020,Television,4.4,NA,https://images.samsung.com/is/image/samsung/in-the-frame-ls03t-qa75ls03takxxl-thumb-267964136?$216_216_PNG$,199990,White,NA,NA,75 inch The Frame QLED 4K TV with frame display mode
197,TEL_059,189 cm (75) QLED Q950T 8K Smart TV 2020,Television,4.7,NA,https://images.samsung.com/is/image/samsung/in-qled-tv-q950t-qa75q950tskxxl-thumb-Thumb-244057675?$216_216_PNG$,429990,Titan Gray,NA,NA,75 inch QLED 8K TV with cinematic resolution
208,TEL_070,189 cm (75) U8000F Crystal 4K UHD Smart TV,Television,4.4,NA,https://images.samsung.com/is/image/samsung/p6pim/in/ua75u8000fuxxl/energylabel/in-energylabel-product-ua75u8000fuxxl-thumb-550349249?$Q90_330_330_F_PNG$,139990,Black,NA,NA,75 inch Crystal UHD 4K TV with vibrant colors and sharp details
206,TEL_068,189 cm (75) U8300F Crystal 4K UHD Smart TV,Television,4.5,NA,https://images.samsung.com/is/image/samsung/p6pim/in/ua75u8300fuxxl/energylabel/in-energylabel-product-ua75u8300fuxxl-thumb-550207152?$Q90_330_330_F_PNG$,149990,Black,NA,NA,75 inch Crystal UHD 4K TV with clear and bright display
209,TEL_071,189 cm (75) UE85AF Crystal 4K UHD Smart TV,Television,4.5,NA,https://images.samsung.com/is/image/samsung/p6pim/in/ua75ue85afuxxl/energylabel/in-energylabel-product-ua75ue85afuxxl-thumb-550349261?$Q90_330_330_F_PNG$,149990,Black,NA,NA,75 inch Crystal UHD 4K Smart TV with UHD processor
221,TEL_083,214 cm (85) Crystal UHD CU8000 4K Smart TV 2023,Television,4.5,NA,https://images.samsung.com/is/image/samsung/p6pim/in/ua85cu8000kxxl/gallery/in-crystal-uhd-cu8000-454608-ua85cu8000kxxl-thumb-536429362?$Q90_330_330_F_PNG$,239990,Black,NA,NA,85 inch Crystal UHD 4K TV with AI picture processing
177,TEL_039,214 cm (85) Neo QLED 4K QN90C Smart AI TV 2023,Television,4.6,NA,https://images.samsung.com/is/image/samsung/p6pim/in/qa85qn90cakxxl/gallery/in-qled-qn90c-455012-qa85qn90cakxxl-thumb-535909550?$UX_EXT1_PNG$,339990,Titan Gray,NA,NA,85 inch Neo QLED 4K TV with AI upscaling and high performance display
182,TEL_044,214 cm (85) Neo QLED 8K QN900D Smart AI TV 2024,Television,4.8,NA,https://images.samsung.com/is/image/samsung/p6pim/in/qa85qn900duxxl/gallery/in-qled-qn900d-qa85qn900duxxl-thumb-540920769?$216_216_PNG$,449990,Titan Gray,NA,NA,85 inch Neo QLED 8K TV with high end AI processor
169,TEL_031,214 cm (85) Neo QLED QN950F 8K Samsung Vision AI Smart TV,Television,4.8,NA,https://images.samsung.com/is/image/samsung/p6pim/in/qa85qn950fuxxl/gallery/in-qled-qn950f-qa85qn950fuxxl-thumb-545965035?$216_216_PNG$,429990,Titan Gray,NA,NA,85 inch Neo QLED 8K TV with high end processor and premium visuals
225,TEL_087,216 cm (85) Crystal UHD BU8000 4K Smart TV 2022,Television,4.5,NA,https://images.samsung.com/is/image/samsung/p6pim/in/ua75cu7650kxxl/energylabel/in-energylabel-product-ua75cu7650kxxl-thumb-549429985?$Q90_330_330_F_PNG$,219990,Black,NA,NA,85 inch Crystal UHD 4K TV with AI picture enhancements
191,TEL_053,216 cm (85) Neo QLED 8K QN900A Smart AI TV 2021,Television,4.7,NA,https://images.samsung.com/is/image/samsung/p6pim/in/qa85qn900akxxl/gallery/in-neo-qled-8k-qn900a-qa85qn900akxxl-thumb-430987118?$216_216_PNG$,429990,Titan Gray,NA,NA,85 inch Neo QLED 8K TV with advanced picture engine
188,TEL_050,216 cm (85) Neo QLED 8K QN900B Smart AI TV 2022,Television,4.8,NA,https://images.samsung.com/is/image/samsung/p6pim/in/qa85qn900bkxxl/gallery/in-qled-qn900b-qa85qn900bkxxl-thumb-537138130?$216_216_PNG$,459990,Titan Gray,NA,NA,85 inch Neo QLED 8K TV with premium panel
210,TEL_072,247 cm (98) Crystal UHD DU9000 4K Smart TV 2024,Television,4.6,NA,https://images.samsung.com/is/image/samsung/p6pim/in/ua98du9000uxxl/energylabel/in-energylabel-product-ua98du9000uxxl-thumb-550175709?$Q90_330_330_F_PNG$,349990,Black,NA,NA,98 inch Crystal UHD 4K TV with large screen and HDR10+
194,TEL_056,247 cm (98) Neo QLED 4K QN90A Smart AI TV 2021,Television,4.6,NA,https://images.samsung.com/is/image/samsung/p6pim/in/qa98qn90aakxxl/gallery/in-neo-qled-qn90a-384003-qa98qn90aakxxl-thumb-530329396?$216_216_PNG$,359990,Titan Gray,NA,NA,98 inch Neo QLED 4K TV with AI upscaling
181,TEL_043,247 cm (98) QLED Q80C 4K Smart TV 2023,Television,4.6,NA,https://images.samsung.com/is/image/samsung/p6pim/in/qa98q80cakxxl/gallery/in-qled-98q80c-qa98q80cakxxl-thumb-536906371?$216_216_PNG$,169990,Titan Gray,NA,NA,98 inch QLED 4K TV with large screen and vivid display
141,TEL_002,65 Inch Class Neo QLED QN1EF + HW,Television,4,NA,https://images.samsung.com/is/image/samsung/p6pim/us/qn65qn1efafxza/gallery/us-neo-qled-qn65qn1efafxza-front-black-546228270?$product-details-jpg$,249990,Titan Gray,NA,NA,65 inch Neo QLED 4K TV with Quantum Processor bundled HW soundbar AI upscaling and HDR
143,TEL_004,65 Inch Class Neo QLED QN1EF + HW,Television,4,NA,https://image-us.samsung.com/SamsungUS/home/television-home-theater/tvs/samsung-neo-qled-4k/05302025/SDSAC-9280-QN65QN1EFAFXZA-HW-S700D-Gallery-1600x1200.jpg?$product-card-small-jpg$,249990,Titan Gray,NA,NA,65 inch Neo QLED 4K TV with Quantum Processor and bundled soundbar
144,TEL_005,65 Inch Class Neo QLED QN1EF + HW,Television,4,NA,https://image-us.samsung.com/SamsungUS/he/SDSAC-9280-QN75QN1EFAFXZA-HW-Q990D-Gallery-1600x1200.jpg?$product-card-small-jpg$,249990,Titan Gray,NA,NA,65 inch Neo QLED 4K TV AI upscaling and bundled soundbar
145,TEL_006,65 Inch Class The Terrace,Television,4,NA,https://image-us.samsung.com/SamsungUS/home/television-home-theater/tvs/the-terrace/08272024/QN55LST7DAFXZA_002_R_Perspective_Titan_Black_1600x1200.jpg?$product-card-small-jpg$,289990,White,NA,NA,Outdoor 65 inch Neo QLED TV designed for terrace use high brightness weather resistant
153,TEL_015,75 Inch Class Neo QLED QN1EF,Television,4,NA,https://images.samsung.com/is/image/samsung/p6pim/us/qn75qn1efafxza/gallery/us-neo-qled-qn75qn1efafxza-front-black-546228291?$PD_GALLERY_PNG$?$product-card-small-jpg$,319990,Titan Gray,NA,NA,75 inch Neo QLED 4K TV with Quantum Processor and AI enhanced picture
154,TEL_016,75 Inch Class Neo QLED QN70F,Television,4,NA,https://images.samsung.com/is/image/samsung/p6pim/us/qn75qn70fafxza/gallery/us-qled-qn70f-qn75qn70fafxza-546015993?$PD_GALLERY_PNG$?$product-card-small-jpg$,289990,Titan Gray,NA,NA,75 inch Neo QLED 4K TV with Mini LED AI upscaling HDR support
148,TEL_009,75 Inch Class Neo QLED QN90D,Television,4,NA,https://image-us.samsung.com/SamsungUS/home/television-home-theater/tvs/103124/QN43QN90DAFXZA_S_COM_Version_2_V01_1.jpg?$product-card-small-jpg$,319990,Titan Gray,NA,NA,75 inch Neo QLED 4K TV with Quantum Processor 4K Mini LED AI picture enhancement
151,TEL_013,75 Inch Class The Frame Pro,Television,4,NA,https://images.samsung.com/is/image/samsung/p6pim/us/qn75ls03fwfxza/gallery/us-the-frame-ls03fw-qn75ls03fwfxza-546242610?$PD_GALLERY_PNG$?$product-card-small-jpg$,349990,White,NA,NA,75 inch Neo QLED TV with The Frame Pro design art mode customizable bezel and AI processor
146,TEL_007,75 Inch Class The Terrace,Television,4,NA,https://image-us.samsung.com/SamsungUS/home/television-home-theater/tvs/the-terrace/08262024/QN55LST7DAFXZA_003_L_Perspective_Titan_Black_1600x1200.jpg?$product-card-small-jpg$,349990,White,NA,NA,Outdoor 75 inch Neo QLED TV with weatherproof design ideal for terrace viewing
140,TEL_001,75 Inch Neo QLED + HW-S60D,Television,4,NA,https://image-us.samsung.com/SamsungUS/home/television-home-theater/tvs/qled-4k-tvs/05152025/75inchNeoQLED4KTVwith5.0ch.WirelessDolbyATMOSSoundbarwQ-Symphony_v2.jpg?$product-details-jpg$?$product-details-jpg$,299990,Titan Gray,NA,NA,Neo QLED 4K TV with Mini LED backlight Quantum Processor bundled HW S60D soundbar
150,TEL_011,85 Inch Class Neo QLED QN80F,Television,4,NA,https://images.samsung.com/is/image/samsung/p6pim/us/qn85qn80fafxza/gallery/us-qled-qn80f-qn85qn80fafxza-545818692?$PD_GALLERY_PNG$?$product-card-small-jpg$,389990,Titan Gray,NA,NA,85 inch Neo QLED 4K TV with AI Quantum Processor HDR10 premium picture quality
152,TEL_014,85 Inch Class Neo QLED QN90F,Television,4,NA,https://images.samsung.com/is/image/samsung/p6pim/us/qn85qn90fafxza/gallery/us-neo-qled-qn85qn90fafxza-----l-side-titan-black-545473912?$PD_GALLERY_PNG$?$product-card-small-jpg$,429990,Titan Gray,NA,NA,85 inch Neo QLED 4K TV with Quantum Processor Mini LED backlight HDR support
149,TEL_010,85 Inch Class Neo QLED QN990F,Television,4,NA,https://images.samsung.com/is/image/samsung/p6pim/us/qn85qn990ffxza/gallery/us-qled-qn990f-qn85qn990ffxza-545961372?$PD_GALLERY_PNG$?$product-card-small-jpg$,429990,Titan Gray,NA,NA,85 inch Neo QLED 8K TV with Quantum Processor 8K premium HDR Mini LED
147,TEL_008,85 Inch Class The Terrace,Television,4,NA,https://image-us.samsung.com/SamsungUS/home/television-home-theater/tvs/07302024/QN85LST9CAFXZA-S_COM_Version_1_V01.jpg?$product-card-small-jpg$,399990,White,NA,NA,85 inch outdoor Neo QLED TV terrace optimized high brightness and durability
142,TEL_003,85 Inch Neo QLED 4K TV + HW,Television,4,NA,https://image-us.samsung.com/SamsungUS/he/SDSAC-9280-QN65QN1EFAFXZA-HW-Q990D-Gallery-1600x1200.jpg?$product-card-small-jpg$,349990,Titan Gray,NA,NA,85 inch Neo QLED 4K TV with Quantum Mini LED panel HDR support bundled soundbar
5,AIR_006,Bespoke AI Inverter Split AC AR50H12D1LH,Air Conditioner,4.3,NA,https://images.samsung.com/is/image/samsung/p6pim/in/ar50h12d1lhnna/energylabel/in-energylabel-product-ar50h12d1lhnna-thumb-550681273?$Q90_330_330_F_PNG$,43990,white,NA,NA,3.35 kW Bespoke AI Inverter Split AC with 3 Star energy rating
0,AIR_001,Bespoke AI Inverter Split AC AR50H12D1XH,Air Conditioner,4.3,NA,https://images.samsung.com/is/image/samsung/p6pim/in/ar50h18d14hnna/energylabel/in-energylabel-product-ar50h18d14hnna-550681212?$684_547_PNG$,43990,white,NA,NA,3.35 kW Bespoke AI Inverter Split AC with 3 Star energy rating
20,AIR_021,Bespoke AI Inverter Split AC AR50H18D13H,Air Conditioner,4.5,NA,https://images.samsung.com/is/image/samsung/p6pim/in/ar50h18d13hnna/energylabel/in-energylabel-product-ar50h18d13hnna-thumb-549932202?$Q90_330_330_F_PNG$,57990,white,NA,NA,4.85 kW Bespoke AI Inverter Split AC with 3 Star energy rating
1,AIR_002,Bespoke AI Inverter Split AC AR50H18D14H,Air Conditioner,4.4,NA,https://images.samsung.com/is/image/samsung/p6pim/in/ar50h18d14hnna/energylabel/in-energylabel-product-ar50h18d14hnna-550681212?$684_547_PNG$,49990,white,NA,NA,4.8 kW Bespoke AI Inverter Split AC with 4 Star energy rating
7,AIR_008,Bespoke AI Inverter Split AC AR50H18D15H,Air Conditioner,4.5,NA,https://images.samsung.com/is/image/samsung/p6pim/in/ar50h18d15hnna/energylabel/in-energylabel-product-ar50h18d15hnna-thumb-550681200?$Q90_330_330_F_PNG$,52990,white,NA,NA,4.75 kW Bespoke AI Inverter Split AC with 5 Star energy rating
8,AIR_009,Bespoke AI Inverter Split AC AR50H18D1NH,Air Conditioner,4.5,NA,https://images.samsung.com/is/image/samsung/p6pim/in/ar50h18d1nhnna/energylabel/in-energylabel-product-ar50h18d1nhnna-thumb-550681157?$Q90_330_330_F_PNG$,52990,white,NA,NA,4.75 kW Bespoke AI Inverter Split AC with 5 Star energy rating
2,AIR_003,Bespoke AI Inverter Split AC AR50H18D1ZH,Air Conditioner,4.5,NA,https://images.samsung.com/is/image/samsung/p6pim/in/ar50h18d1zhnna/energylabel/in-energylabel-product-ar50h18d1zhnna-thumb-550681146?$Q90_330_330_F_PNG$,52990,white,NA,NA,4.75 kW Bespoke AI Inverter Split AC with 5 Star energy rating
11,AIR_012,Bespoke AI Inverter Split AC AR50H19D1AH,Air Conditioner,4.5,NA,https://images.samsung.com/is/image/samsung/p6pim/in/ar50h19d1ahnna/energylabel/in-energylabel-product-ar50h19d1ahnna-thumb-550386651?$Q90_330_330_F_PNG$,60990,white,NA,NA,5.00 kW Bespoke AI Inverter Split AC with 4 Star energy rating
10,AIR_011,Bespoke AI Inverter Split AC AR50H19D1XH,Air Conditioner,4.4,NA,https://images.samsung.com/is/image/samsung/p6pim/in/ar50h19d1xhnna/energylabel/in-energylabel-product-ar50h19d1xhnna-thumb-550386657?$Q90_330_330_F_PNG$,59990,white,NA,NA,5.10 kW Bespoke AI Inverter Split AC with 3 Star energy rating
19,AIR_020,Bespoke AI Wall Mounted AC,Air Conditioner,4.3,NA,https://images.samsung.com/is/image/samsung/p6pim/in/ar50f19d1lhnna/energylabel/in-energylabel-product-ar50f19d1lhnna-thumb-550668294?$Q90_330_330_F_PNG$,41990,white,NA,NA,Bespoke AI Wall Mounted AC with inverter technology and 3 Star energy rating
16,AIR_017,Bespoke AI WindFree Inverter Split AC AR60H18D13W,Air Conditioner,4.5,NA,https://images.samsung.com/is/image/samsung/p6pim/in/ar60h18d13wnna/energylabel/in-energylabel-product-ar60h18d13wnna-thumb-549931792?$Q90_330_330_F_PNG$,55990,white,NA,NA,4.75 kW Bespoke AI WindFree Inverter Split AC with 5 Star energy rating
3,AIR_004,Bespoke AI WindFree Inverter Split AC AR60H18D14W,Air Conditioner,4.5,NA,https://images.samsung.com/is/image/samsung/p6pim/in/ar60h18d14wnna/energylabel/in-energylabel-product-ar60h18d14wnna-thumb-550681101?$Q90_330_330_F_PNG$,55990,white,NA,NA,4.75 kW Bespoke AI WindFree Inverter Split AC with 5 Star energy rating
4,AIR_005,Bespoke AI WindFree Inverter Split AC AR60H18D15W,Air Conditioner,4.5,NA,https://images.samsung.com/is/image/samsung/p6pim/in/ar60h18d15wnna/energylabel/in-energylabel-product-ar60h18d15wnna-thumb-550680918?$Q90_330_330_F_PNG$,56990,white,NA,NA,4.75 kW Bespoke AI WindFree Inverter Split AC with 5 Star energy rating
15,AIR_016,Bespoke AI WindFree Inverter Split AC AR60H18D1LW,Air Conditioner,4.5,NA,https://images.samsung.com/is/image/samsung/p6pim/in/ar60h18d1lwnna/energylabel/in-energylabel-product-ar60h18d1lwnna-thumb-549931928?$Q90_330_330_F_PNG$,55990,white,NA,NA,4.75 kW Bespoke AI WindFree Inverter Split AC with 5 Star energy rating
14,AIR_015,Bespoke AI WindFree Inverter Split AC AR60H18D1PW,Air Conditioner,4.5,NA,https://images.samsung.com/is/image/samsung/p6pim/in/ar60h18d1pwnna/energylabel/in-energylabel-product-ar60h18d1pwnna-thumb-549932061?$Q90_330_330_F_PNG$,57990,white,NA,NA,4.85 kW Bespoke AI WindFree Inverter Split AC with 5 Star energy rating
17,AIR_018,Bespoke AI WindFree Inverter Split AC AR60H18D1XW,Air Conditioner,4.5,NA,https://images.samsung.com/is/image/samsung/p6pim/in/ar60h18d1xwnna/energylabel/in-energylabel-product-ar60h18d1xwnna-thumb-549931550?$Q90_330_330_F_PNG$,55990,white,NA,NA,4.75 kW Bespoke AI WindFree Inverter Split AC with 5 Star energy rating
6,AIR_007,Bespoke AI WindFree Inverter Split AC AR60H18D1YW,Air Conditioner,4.5,NA,https://images.samsung.com/is/image/samsung/p6pim/in/ar60h18d1ywnna/energylabel/in-energylabel-product-ar60h18d1ywnna-thumb-550681117?$Q90_330_330_F_PNG$,55990,white,NA,NA,4.75 kW Bespoke AI WindFree Inverter Split AC with 5 Star energy rating
9,AIR_010,Bespoke AI WindFree Inverter Split AC AR60H18D1ZW,Air Conditioner,4.5,NA,https://images.samsung.com/is/image/samsung/p6pim/in/ar60h18d1zwnna/energylabel/in-energylabel-product-ar60h18d1zwnna-thumb-550681068?$Q90_330_330_F_PNG$,55990,white,NA,NA,4.75 kW Bespoke AI WindFree Inverter Split AC with 5 Star energy rating
12,AIR_013,Bespoke AI WindFree Inverter Split AC AR60H19D13W,Air Conditioner,4.5,NA,https://images.samsung.com/is/image/samsung/p6pim/in/ar60h19d13wnna/energylabel/in-energylabel-product-ar60h19d13wnna-thumb-550386588?$Q90_330_330_F_PNG$,61990,white,NA,NA,5.10 kW Bespoke AI WindFree Inverter Split AC with 5 Star energy rating
13,AIR_014,Bespoke AI WindFree Inverter Split AC AR60H19D1AW,Air Conditioner,4.5,NA,https://images.samsung.com/is/image/samsung/p6pim/in/ar60h19d1awnna/energylabel/in-energylabel-product-ar60h19d1awnna-thumb-550386551?$Q90_330_330_F_PNG$,60990,white,NA,NA,5.00 kW Bespoke AI WindFree Inverter Split AC with 5 Star energy rating
18,AIR_019,Bespoke AI WindFree RAC,Air Conditioner,4.3,NA,https://images.samsung.com/is/image/samsung/p6pim/in/ar60f19d15wnna/energylabel/in-energylabel-product-ar60f19d15wnna-thumb-550668574?$Q90_330_330_F_PNG$,39990,white,NA,NA,Bespoke AI WindFree RAC unit with 3 Star energy rating
32,LAP_007,"Galaxy Book5 360 15.6"" Intel Core Ultra 7 1TB",Laptop,4.4,NA,https://image-us.samsung.com/SamsungUS/home/computing/galaxy-books/galaxy-book5-series/galaxy-book5-360/pim-pf/12192025/SDSAC-10137-Book5_360_15_6_US_Gray-1600x1200.jpg?$product-card-small-jpg$,138990,Gray,16GB,1TB,Galaxy Book5 360 15.6 inch with larger 1TB storage & AI
33,LAP_008,"Galaxy Book5 360 15.6"" Intel Core Ultra 7 32GB/1TB",Laptop,4.4,NA,https://image-us.samsung.com/SamsungUS/home/computing/galaxy-books/galaxy-book5-series/galaxy-book5-360/pim-pf/12192025/SDSAC-10137-Book5_360_15_6_US_Gray-1600x1200.jpg?$product-card-small-jpg$,154990,Gray,32GB,1TB,Top end Galaxy Book5 360 with max RAM & storage options
115,MOB_081,Samsung B310ED,Mobile,3.3,21-07-2025 14:25,https://rukminim2.flixcart.com/image/312/312/xif0q/mobile/d/w/r/b310ed-samsung-guru-music-2-b310ed-samsung-original-imahd2zwgbg3shqy.jpeg?q=70,"1,499",Phantom Black,8MB,16MB,"['8 MB RAM | 16 MB ROM', '6.1 cm (2.4 inch) Display', '850 mAh Battery', 'NO WARRANTY']"
75,MOB_041,Samsung Galaxy A06,Mobile,4.2,21-07-2025 14:22,https://rukminim2.flixcart.com/image/312/312/xif0q/mobile/o/j/u/galaxy-a06-sm-a065fzkgins-samsung-original-imah4az54gd9zhaf.jpeg?q=70,"11,499",Blue,4GB,64GB,"['4 GB RAM | 64 GB ROM | Expandable Upto 1 TB', '17.02 cm (6.7 inch) HD+ Display', '50MP + 2MP | 8MP Front Camera', '5000 mAh Battery', 'Mediatek Helio G85 Processor', '1 Year Manufacturer Warranty for Device and 6 Months for In-Box Accessories']"
84,MOB_050,Samsung Galaxy A06 5G,Mobile,3.9,21-07-2025 14:22,https://rukminim2.flixcart.com/image/312/312/xif0q/mobile/d/q/p/galaxy-a06-5g-sm-a066bzagins-samsung-original-imah9ykvdaryz5xz.jpeg?q=70,"15,499",Onyx Black,4GB,128GB,"['4 GB RAM | 128 GB ROM | Expandable Upto 1 TB', '17.02 cm (6.7 inch) HD+ Display', '50MP + 50MP | 2MP + 2MP Dual Front Camera', '5000 mAh Battery', 'MEDIATEK Processor', '1 Year Manufacturer Warranty for Device and 6 Months for In-Box Accessories']"
85,MOB_051,Samsung Galaxy A06 5G,Mobile,3.9,21-07-2025 14:22,https://rukminim2.flixcart.com/image/312/312/xif0q/mobile/w/d/n/galaxy-a06-5g-sm-a066bzkdins-samsung-original-imah9yku4d4k7yyz.jpeg?q=70,"15,499",Blue,4GB,128GB,"['4 GB RAM | 128 GB ROM | Expandable Upto 1 TB', '17.02 cm (6.7 inch) HD+ Display', '50MP + 50MP | 2MP + 2MP Dual Front Camera', '5000 mAh Battery', 'MEDIATEK Processor', '1 Year Manufacturer Warranty for Device and 6 Months for In-Box Accessories']"
87,MOB_053,Samsung Galaxy A06 5G,Mobile,3.9,21-07-2025 14:23,https://rukminim2.flixcart.com/image/312/312/xif0q/mobile/o/b/y/galaxy-a06-5g-sm-a066blgdins-samsung-original-imahbzhsxmquerdg.jpeg?q=70,"13,999",Thunder Grey,4GB,64GB,"['4 GB RAM | 64 GB ROM | Expandable Upto 1 TB', '17.02 cm (6.7 inch) HD+ Display', '50MP + 50MP | 2MP + 2MP Dual Front Camera', '5000 mAh Battery', 'MEDIATEK Processor', '1 Year Manufacturer Warranty for Device and 6 Months for In-Box Accessories']"
92,MOB_058,Samsung Galaxy A06 5G,Mobile,3.9,21-07-2025 14:23,https://rukminim2.flixcart.com/image/312/312/xif0q/mobile/o/0/v/galaxy-a06-5g-sm-a066bzadins-samsung-original-imahbf7gmxrfhcxu.jpeg?q=70,"13,999",Awesome Navy,4GB,64GB,"['4 GB RAM | 64 GB ROM | Expandable Upto 1 TB', '17.02 cm (6.7 inch) HD+ Display', '50MP + 50MP | 8MP + 2MP Dual Front Camera', '5000 mAh Battery', 'mediatek Processor', '1 Year Manufacturer Warranty for Device and 6 Months for In-Box Accessories']"
94,MOB_060,Samsung Galaxy A06 5G,Mobile,3.9,21-07-2025 14:23,https://rukminim2.flixcart.com/image/312/312/xif0q/mobile/c/f/2/galaxy-a06-5g-sm-a066blgdins-samsung-original-imaha5am89gn8y6z.jpeg?q=70,"15,499",Lit Violet,4GB,128GB,"['4 GB RAM | 128 GB ROM', '17.02 cm (6.7 inch) HD+ Display', '50MP + 2MP | 8MP Front Camera', '5000 mAh Li-ion Battery', 'Dimensity 6300 Processor', '1 Year Manufacturer Warranty for Device and 6 Months for In-Box Accessories']"
124,MOB_090,Samsung Galaxy A14,Mobile,3.9,21-07-2025 14:27,https://rukminim2.flixcart.com/image/312/312/xif0q/mobile/e/e/c/galaxy-a14-sm-a145flgdins-samsung-original-imagq6czvb7qgbmc.jpeg?q=70,"16,499",Graphite,4GB,64GB,"['4 GB RAM | 64 GB ROM | Expandable Upto 1 TB', '16.76 cm (6.6 inch) Full HD+ Display', '50MP + 5MP + 2MP | 13MP Front Camera', '5000 mAh Battery', 'Exynos 850, Octa Core Processor', '1 Year Manufacturer Warranty for Device and 6 Months Manufacturer Warranty for In-Box Accessories']"
128,MOB_094,Samsung Galaxy A15 5G ,Mobile,4.3,21-07-2025 14:27,https://rukminim2.flixcart.com/image/312/312/xif0q/mobile/k/c/b/galaxy-a15-5g-sm-a156ezkpins-samsung-original-imah3r43gdexw4ne.jpeg?q=70,"21,499",Awesome White,8GB,128GB,"['8 GB RAM | 128 GB ROM | Expandable Upto 1 TB', '16.51 cm (6.5 inch) Full HD+ Display', '50MP + 5MP + 2MP | 13MP Front Camera', '5000 mAh Battery', 'Dimensity 6100+ Processor', '1 Year Manufacturer Warranty for Device and 6 Months for In-Box Accessories']"
96,MOB_062,Samsung Galaxy A16 5G,Mobile,4.1,21-07-2025 14:23,https://rukminim2.flixcart.com/image/312/312/xif0q/mobile/a/x/t/-original-imahcshuffnqzj7z.jpeg?q=70,"19,999",Glam Green,6GB,128GB,"['6 GB RAM | 128 GB ROM', '17.02 cm (6.7 inch) Full HD+ Display', '50MP + 5MP + 2MP | 13MP Front Camera', '5000 mAh Battery', 'Dimensity 6300 Processor', '1 Year Manufacturer Warranty for Device and 6 Months for Inbox Accessories']"
104,MOB_070,Samsung Galaxy A16 5G,Mobile,4.1,21-07-2025 14:24,https://rukminim2.flixcart.com/image/312/312/xif0q/mobile/h/t/q/-original-imahcshuzpekeyap.jpeg?q=70,"19,999",Sky Blue,6GB,128GB,"['6 GB RAM | 128 GB ROM', '17.02 cm (6.7 inch) Full HD+ Display', '50MP + 5MP + 2MP | 13MP Front Camera', '5000 mAh Battery', 'Dimensity 6300 Processor', '1 Year Manufacturer Warranty for Device and 6 Months for Inbox Accessories']"
107,MOB_073,Samsung Galaxy A16 5G,Mobile,4.1,21-07-2025 14:24,https://rukminim2.flixcart.com/image/312/312/xif0q/mobile/z/y/b/-original-imah5zf6jbfny5vk.jpeg?q=70,"19,999",Light Gray,6GB,128GB,"['6 GB RAM | 128 GB ROM', '17.02 cm (6.7 inch) Full HD+ Display', '50MP + 5MP + 2MP | 13MP Front Camera', '5000 mAh Battery', 'Dimensity 6300 Processor', '1 Year Manufacturer Warranty for Device and 6 Months for Inbox Accessories']"
111,MOB_077,Samsung Galaxy A16 5G,Mobile,4.2,21-07-2025 14:25,https://rukminim2.flixcart.com/image/312/312/xif0q/mobile/a/x/t/-original-imahcshuffnqzj7z.jpeg?q=70,"24,499",Silver Shadow,8GB,256GB,"['8 GB RAM | 256 GB ROM', '17.02 cm (6.7 inch) Full HD+ Display', '50MP + 5MP + 2MP | 13MP Front Camera', '5000 mAh Battery', 'Dimensity 6300 Processor', '1 Year Manufacturer Warranty for Device and 6 Months for Inbox Accessories']"
135,MOB_101,Samsung Galaxy A26 5G,Mobile,4,21-07-2025 14:28,https://rukminim2.flixcart.com/image/312/312/xif0q/mobile/e/n/7/-original-imahaggjrvgwhgg6.jpeg?q=70,"27,999",Blazing Black,8GB,128GB,"['8 GB RAM | 128 GB ROM | Expandable Upto 1 TB', '17.02 cm (6.7 inch) Full HD+ Display', '50MP + 8MP | 13MP Front Camera', '5000 mAh Battery', 'Samsung Exynos 1380 Processor', '1 Year Manufacturer Warranty for Device and 6 Months for In-Box Accessories']"
57,MOB_023,Samsung Galaxy A35 5G,Mobile,4.3,21-07-2025 14:20,https://rukminim2.flixcart.com/image/312/312/xif0q/mobile/p/k/k/-original-imahbzkn4mpfkyg9.jpeg?q=70,"36,999",Bahama Blue,8GB,256GB,"['8 GB RAM | 256 GB ROM | Expandable Upto 1 TB', '16.76 cm (6.6 inch) Full HD+ Display', '50MP + 8MP + 5MP | 13MP Front Camera', '5000 mAh Battery', 'Samsung Exynos 1380 Processor', '1 Year Manufacturer Warranty for Device and 6 Months for In-Box Accessories']"
60,MOB_026,Samsung Galaxy A35 5G,Mobile,4.3,21-07-2025 14:20,https://rukminim2.flixcart.com/image/312/312/xif0q/mobile/p/k/k/-original-imahbzkn4mpfkyg9.jpeg?q=70,"33,999",Gold,8GB,128GB,"['8 GB RAM | 128 GB ROM | Expandable Upto 1 TB', '16.76 cm (6.6 inch) Full HD+ Display', '50MP + 8MP + 5MP | 13MP Front Camera', '5000 mAh Battery', 'Samsung Exynos 1380 Processor', '1 Year Manufacturer Warranty for Device and 6 Months for In-Box Accessories']"
62,MOB_028,Samsung Galaxy A35 5G,Mobile,4.3,21-07-2025 14:20,https://rukminim2.flixcart.com/image/312/312/xif0q/mobile/w/g/h/-original-imahbzknzpd3zwrv.jpeg?q=70,"36,999",Awesome Lavender,8GB,256GB,"['8 GB RAM | 256 GB ROM | Expandable Upto 1 TB', '16.76 cm (6.6 inch) Full HD+ Display', '50MP + 8MP + 5MP | 13MP Front Camera', '5000 mAh Battery', 'Samsung Exynos 1380 Processor', '1 Year Manufacturer Warranty for Device and 6 Months for In-Box Accessories']"
81,MOB_047,Samsung Galaxy A35 5G,Mobile,4.3,21-07-2025 14:22,https://rukminim2.flixcart.com/image/312/312/xif0q/mobile/w/g/h/-original-imahbzknzpd3zwrv.jpeg?q=70,"33,999",Daybreak Blue,8GB,128GB,"['8 GB RAM | 128 GB ROM | Expandable Upto 1 TB', '16.76 cm (6.6 inch) Full HD+ Display', '50MP + 8MP + 5MP | 13MP Front Camera', '5000 mAh Battery', 'Samsung Exynos 1380 Processor', '1 Year Manufacturer Warranty for Device and 6 Months for In-Box Accessories']"
109,MOB_075,Samsung Galaxy A35 5G,Mobile,4.3,21-07-2025 14:24,https://rukminim2.flixcart.com/image/312/312/xif0q/mobile/p/t/z/-original-imahbzkz6gyfadqj.jpeg?q=70,"36,999",Awesome Olive,8GB,256GB,"['8 GB RAM | 256 GB ROM | Expandable Upto 1 TB', '16.76 cm (6.6 inch) Full HD+ Display', '50MP + 8MP + 5MP | 13MP Front Camera', '5000 mAh Battery', 'Exynos 1380 Processor', '1 Year Manufacturer Warranty for Device and 6 Months for In-Box Accessories']"
93,MOB_059,Samsung Galaxy A36 5G,Mobile,4.3,21-07-2025 14:23,https://rukminim2.flixcart.com/image/312/312/xif0q/mobile/m/t/g/-original-imahb3hqn8en4qfu.jpeg?q=70,"35,999",Mint,8GB,128GB,"['8 GB RAM | 128 GB ROM', '17.02 cm (6.7 inch) Full HD+ Display', '50MP + 8MP | 12MP Front Camera', '5000 mAh Battery', 'Qualcomm Snapdragon 6 Gen 3 Processor', '1 Year Manufacturer Warranty for Device and 6 Months for In-Box Accessories']"
119,MOB_085,Samsung Galaxy A36 5G,Mobile,4.3,21-07-2025 14:26,https://rukminim2.flixcart.com/image/312/312/xif0q/mobile/c/c/s/-original-imahb3hpedvsngwy.jpeg?q=70,"41,999",Mint Green,12GB,256GB,"['12 GB RAM | 256 GB ROM', '17.02 cm (6.7 inch) Full HD+ Display', '50MP + 8MP | 12MP Front Camera', '5000 mAh Battery', 'Qualcomm Snapdragon 6 Gen 3 Processor', '1 Year Manufacturer Warranty for Device and 6 Months for In-Box Accessories']"
122,MOB_088,Samsung Galaxy A36 5G,Mobile,4.3,21-07-2025 14:27,https://rukminim2.flixcart.com/image/312/312/xif0q/mobile/o/i/t/-original-imahb3hpzjp4dkb4.jpeg?q=70,"38,999",Awesome Black,8GB,256GB,"['8 GB RAM | 256 GB ROM', '17.02 cm (6.7 inch) Full HD+ Display', '50MP + 8MP | 12MP Front Camera', '5000 mAh Battery', 'Qualcomm Snapdragon 6 Gen 3 Processor', '1 Year Manufacturer Warranty for Device and 6 Months for In-Box Accessories']"
127,MOB_093,Samsung Galaxy A36 5G,Mobile,4.3,21-07-2025 14:27,https://rukminim2.flixcart.com/image/312/312/xif0q/mobile/m/t/g/-original-imahb3hqn8en4qfu.jpeg?q=70,"38,999",Awesome Black,8GB,256GB,"['8 GB RAM | 256 GB ROM', '17.02 cm (6.7 inch) Full HD+ Display', '50MP + 8MP | 12MP Front Camera', '5000 mAh Battery', 'Qualcomm Snapdragon 6 Gen 3 Processor', '1 Year Manufacturer Warranty for Device and 6 Months for In-Box Accessories']"
136,MOB_102,Samsung Galaxy A36 5G ,Mobile,4.3,21-07-2025 14:28,https://rukminim2.flixcart.com/image/312/312/xif0q/mobile/c/c/s/-original-imahb3hpedvsngwy.jpeg?q=70,"35,999",Obsidian Black,8GB,128GB,"['8 GB RAM | 128 GB ROM', '17.02 cm (6.7 inch) Full HD+ Display', '50MP + 8MP | 12MP Front Camera', '5000 mAh Battery', 'Qualcomm Snapdragon 6 Gen 3 Processor', '1 Year Manufacturer Warranty for Device and 6 Months for In-Box Accessories']"
38,MOB_003,samsung galaxy a54,Mobile,3.1,31-07-2024,https://images.samsung.com/is/image/samsung/p6pim/us/ef-qa546ctegus/gallery/us-galaxy-a54-5g-clear-case-ef-qa546-ef-qa546ctegus-550547901?$PD_GALLERY_PNG$?$product-card-small-jpg$,26999,Awesome Graphite,8GB,128GB,"Mid-range 5G smartphone with AMOLED display, good camera, and long battery life"
73,MOB_039,Samsung Galaxy A55 5G,Mobile,4.4,21-07-2025 14:21,https://rukminim2.flixcart.com/image/312/312/xif0q/mobile/q/q/t/-original-imahbzpzhcptykzf.jpeg?q=70,"42,999",Light Green,8GB,128GB,"['8 GB RAM | 128 GB ROM | Expandable Upto 1 TB', '16.76 cm (6.6 inch) Full HD+ Display', '50MP + 12MP + 5MP | 32MP Front Camera', '5000 mAh Battery', 'Samsung Exynos 1480 Processor', '1 Year Manufacturer Warranty for Device and 6 Months for In-Box Accessories']"
74,MOB_040,Samsung Galaxy A55 5G,Mobile,4.4,21-07-2025 14:22,https://rukminim2.flixcart.com/image/312/312/xif0q/mobile/8/c/j/-original-imahbzpyfv8gpku7.jpeg?q=70,"42,999",Sage Green,8GB,128GB,"['8 GB RAM | 128 GB ROM | Expandable Upto 1 TB', '16.76 cm (6.6 inch) Full HD+ Display', '50MP + 12MP + 5MP | 32MP Front Camera', '5000 mAh Battery', 'Samsung Exynos 1480 Processor', '1 Year Manufacturer Warranty for Device and 6 Months for In-Box Accessories']"
82,MOB_048,Samsung Galaxy A55 5G,Mobile,4.4,21-07-2025 14:22,https://rukminim2.flixcart.com/image/312/312/xif0q/mobile/8/c/j/-original-imahbzpyfv8gpku7.jpeg?q=70,"45,999",Awesome Black,8GB,256GB,"['8 GB RAM | 256 GB ROM | Expandable Upto 1 TB', '16.76 cm (6.6 inch) Full HD+ Display', '50MP + 12MP + 5MP | 32MP Front Camera', '5000 mAh Battery', 'Samsung Exynos 1480 Processor', '1 Year Manufacturer Warranty for Device and 6 Months for In-Box Accessories']"
100,MOB_066,Samsung Galaxy A55 5G,Mobile,4.4,21-07-2025 14:23,https://rukminim2.flixcart.com/image/312/312/xif0q/mobile/q/q/t/-original-imahbzpzhcptykzf.jpeg?q=70,"45,999",Green,8GB,256GB,"['8 GB RAM | 256 GB ROM | Expandable Upto 1 TB', '16.76 cm (6.6 inch) Full HD+ Display', '50MP + 12MP + 5MP | 32MP Front Camera', '5000 mAh Battery', 'Exynos 1480 Processor', '1 Year Manufacturer Warranty for Device and 6 Months for In-Box Accessories']"
110,MOB_076,Samsung Galaxy A56 5G,Mobile,4.3,21-07-2025 14:24,https://rukminim2.flixcart.com/image/312/312/xif0q/mobile/3/k/m/-original-imahbyvfmsdxmz5r.jpeg?q=70,"48,999",Light Green,8GB,256GB,"['8 GB RAM | 256 GB ROM', '17.02 cm (6.7 inch) Full HD+ Display', '50MP + 12MP + 5MP | 12MP Front Camera', '5000 mAh Battery', 'Samsung Exynos 1580 Processor', '1 Year Manufacturer Warranty for Device and 6 Months for In-Box Accessories']"
117,MOB_083,Samsung Galaxy A56 5G,Mobile,4.4,21-07-2025 14:25,https://rukminim2.flixcart.com/image/312/312/xif0q/mobile/2/o/n/-original-imahbyvfu845ftre.jpeg?q=70,"52,999",Awesome Iceblue,12GB,256GB,"['12 GB RAM | 256 GB ROM', '17.02 cm (6.7 inch) Full HD+ Display', '50MP + 12MP + 5MP | 12MP Front Camera', '5000 mAh Battery', 'Samsung Exynos 1580 Processor', '1 Year Manufacturer Warranty for Device and 6 Months for In-Box Accessories']"
120,MOB_086,Samsung Galaxy A56 5G,Mobile,4.3,21-07-2025 14:26,https://rukminim2.flixcart.com/image/312/312/xif0q/mobile/2/o/n/-original-imahbyvfu845ftre.jpeg?q=70,"45,999",Titanium Black,8GB,128GB,"['8 GB RAM | 128 GB ROM', '17.02 cm (6.7 inch) Full HD+ Display', '50MP + 12MP + 5MP | 12MP Front Camera', '5000 mAh Battery', 'Samsng Exynos 1580 Processor', '1 Year Manufacturer Warranty for Device and 6 Months for In-Box Accessories']"
123,MOB_089,Samsung Galaxy A56 5G,Mobile,4.3,21-07-2025 14:27,https://rukminim2.flixcart.com/image/312/312/xif0q/mobile/r/m/a/-original-imahbyv33n3arbju.jpeg?q=70,"48,999",Titanium Whitesilver,8GB,256GB,"['8 GB RAM | 256 GB ROM', '17.02 cm (6.7 inch) Full HD+ Display', '50MP + 12MP + 5MP | 12MP Front Camera', '5000 mAh Battery', 'Samsung Exynos 1580 Processor', '1 Year Manufacturer Warranty for Device and 6 Months for In-Box Accessories']"
34,LAP_009,"Samsung Galaxy Book4 Edge 15.6"" Snapdragon X",Laptop,4.5,NA,https://image-us.samsung.com/SamsungUS/home/computing/galaxy-books/galaxy-book4-edge/12222025/15inch/SDSAC-10141-Book4_Edge_15_US_001_Front_Gallery-1600x1200.jpg?$product-card-small-jpg$,61740,Sapphire Blue,16GB,512GB,Copilot+ PC with Qualcomm Snapdragon X for efficient AI workloads
35,LAP_010,"Samsung Galaxy Book4 Edge 16"" Snapdragon X Elite",Laptop,4.7,NA,https://image-us.samsung.com/SamsungUS/home/computing/galaxy-books/galaxy-book4-edge/12222025/16inch/SDSAC-10141-Galaxy_Book4_Edge_16_US_001_Front-1600x1200.jpg?$product-card-small-jpg$,131548,Sapphire Blue,16GB,1TB,High end Copilot+ PC with Snapdragon X Elite and large display
30,LAP_005,"Samsung Galaxy Book5 15.6"" Intel Core Ultra 7 512GB",Laptop,4.5,NA,https://image-us.samsung.com/SamsungUS/home/computing/galaxy-books/galaxy-book5-series/galaxy-book5-360/pim-pf/12192025/SDSAC-10137-Book5_360_15_6_US_Gray-1600x1200.jpg?$product-card-small-jpg$,72490,Silver,16GB,512GB,Standard Galaxy Book5 15.6 inch clamshell with Intel Core Ultra & AI features
31,LAP_006,"Samsung Galaxy Book5 360 15.6"" Intel Core Ultra 7 512GB",Laptop,4.5,NA,https://image-us.samsung.com/SamsungUS/home/computing/galaxy-books/galaxy-book5-series/galaxy-book5-360/pim-pf/12192025/SDSAC-10137-Book5_360_15_6_US_Gray-1600x1200.jpg?$product-card-small-jpg$,122990,Gray,16GB,512GB,Convertible Galaxy Book5 360 15.6 inch with Intel Core Ultra & Copilot+ PC
28,LAP_003,"Samsung Galaxy Book5 Pro 14"" Intel Core Ultra 7 1TB",Laptop,4.5,NA,https://image-us.samsung.com/SamsungUS/home/computing/galaxy-books/galaxy-book5-series/galaxy-book-5-pro-14/pim-pf/12192025/SDSAC-10137-Book5_Pro_14_512GB_US_Gray-1600x1200.jpg?$product-card-small-jpg$,149990,Gray,16GB,1TB,Galaxy Book5 Pro 14 inch with larger storage & Copilot+ PC performance
27,LAP_002,"Samsung Galaxy Book5 Pro 14"" Intel Core Ultra 7 512GB",Laptop,4.6,NA,https://image-us.samsung.com/SamsungUS/home/computing/galaxy-books/galaxy-book5-series/galaxy-book-5-pro-14/pim-pf/12192025/SDSAC-10137-Book5_Pro_14_512GB_US_Gray-1600x1200.jpg?$product-card-small-jpg$,139990,Gray,16GB,512GB,High performance Galaxy Book5 Pro 14 inch with 3K Dynamic AMOLED & AI features
29,LAP_004,"Samsung Galaxy Book5 Pro 16"" Intel Core Ultra 7 1TB",Laptop,4.5,NA,https://image-us.samsung.com/SamsungUS/home/computing/galaxy-books/galaxy-book5-series/galaxy-book-5-pro-16/pim-pf/12192025/SDSAC-10137-Book5_Pro_16_1TB_US_Gray-1600x1200.jpg?$product-card-small-jpg$,181990,Gray,16GB,1TB,Galaxy Book5 Pro 16 inch premium laptop with Intel Ultra 7 & dynamic AMOLED
26,LAP_001,"Samsung Galaxy Book5 Pro 360 16"" Intel Core Ultra 7",Laptop,4.7,NA,https://images.samsung.com/is/image/samsung/p6pim/in/np960qha-kg4in/gallery/in-galaxy-book5-pro-360-16-inch-np960-538633-np960qha-kg4in-thumb-550452210?$216_216_PNG$,163990,Gray,16GB,1TB,"Premium Copilot+ 2-in-1 AI laptop with 16 inch 3K AMOLED, Intel Core Ultra 7 & S Pen support"
21,GAL_001,Samsung Galaxy Buds 3,Galaxy_buds,4,NA,https://images.samsung.com/is/image/samsung/p6pim/in/sm-r530nzaainu/gallery/in-galaxy-buds3-r530-sm-r530nzaainu-thumb-546681249?$216_216_PNG$,11999,Silver/White,NA,NA,"Wireless earbuds with Galaxy AI enhancements, Adaptive EQ, Active Noise Cancellation and Hi-Fi sound experience"
23,GAL_003,Samsung Galaxy Buds 3 Pro Bluetooth,Galaxy_buds,4.5,NA,https://images.samsung.com/is/image/samsung/p6pim/in/2407/gallery/in-galaxy-buds3-pro-r630-sm-r630nzaainu-thumb-542134811?$216_216_PNG$,24999,White,NA,NA,Premium wireless Bluetooth earbuds with adaptive noise cancellation and enhanced 2-way speaker system.
22,GAL_002,samsung galaxy buds2,Galaxy_buds,2.9,12-06-2023,https://images.samsung.com/is/image/samsung/p6pim/in/2108/gallery/in-galaxy-buds2-r177-sm-r177nzkainu-thumb-481740607?$Q90_330_330_F_PNG$,6400,Graphite,NA,NA,True wireless earbuds with Active Noise Cancellation and compact design
25,GAL_004,Samsung Galaxy Buds3 FE,Galaxy_buds,4.6,NA,https://images.samsung.com/is/image/samsung/p6pim/in/sm-r420nzaainu/gallery/in-galaxy-buds3-fe-sm-r420nzaainu-thumb-548868402?$216_216_PNG$,12999,Black/Gray,NA,NA,"Galaxy Buds3 FE with blade design, enhanced ANC, Galaxy AI features like real-time translation and Auto Switch integration"
56,MOB_022,Samsung Galaxy F05,Mobile,4.2,21-07-2025 14:19,https://rukminim2.flixcart.com/image/312/312/xif0q/mobile/e/r/f/-original-imah56hkgehywn5b.jpeg?q=70,"9,999",Awesome Iceblue,4GB,64GB,"['4 GB RAM | 64 GB ROM | Expandable Upto 1 TB', '17.12 cm (6.74 inch) HD+ Display', '50MP + 2MP | 8MP Front Camera', '5000 mAh Battery', 'Helio G85 Processor', '1 Year Manufacturer Warranty for Device and 6 Months for In-Box Accessories']"
64,MOB_030,Samsung Galaxy F06 5G,Mobile,4.1,21-07-2025 14:21,https://rukminim2.flixcart.com/image/312/312/xif0q/mobile/w/h/f/-original-imahbk7pzzgc58gw.jpeg?q=70,"13,999",Mint,4GB,128GB,"['4 GB RAM | 128 GB ROM | Expandable Upto 1500 GB', '17.02 cm (6.7 inch) HD+ Display', '50MP + 2MP | 8MP Front Camera', '5000 mAh Battery', 'Dimensity 6300 Processor', '1 Year Manufacturer Warranty for Device and 6 Months for In-Box Accessories']"
77,MOB_043,Samsung Galaxy F06 5G,Mobile,4.1,21-07-2025 14:22,https://rukminim2.flixcart.com/image/312/312/xif0q/mobile/2/u/t/-original-imahbk7pnjgxudgz.jpeg?q=70,"13,999",Mint,4GB,128GB,"['4 GB RAM | 128 GB ROM | Expandable Upto 1500 GB', '17.02 cm (6.7 inch) HD+ Display', '50MP + 2MP | 8MP Front Camera', '5000 mAh Battery', 'Dimensity 6300 Processor', '1 Year Manufacturer Warranty for Device and 6 Months for In-Box Accessories']"
101,MOB_067,Samsung Galaxy F06 5G,Mobile,4.1,21-07-2025 14:24,https://rukminim2.flixcart.com/image/312/312/xif0q/mobile/2/u/t/-original-imahbk7pnjgxudgz.jpeg?q=70,"12,499",Onyx Black,4GB,64GB,"['4 GB RAM | 64 GB ROM | Expandable Upto 1500 GB', '17.02 cm (6.7 inch) HD+ Display', '50MP + 2MP | 8MP Front Camera', '5000 mAh Battery', 'Dimensity 6300 Processor', '1 Year Manufacturer Warranty for Device and 6 Months for In-Box Accessories']"
121,MOB_087,Samsung Galaxy F06 5G,Mobile,4.1,21-07-2025 14:26,https://rukminim2.flixcart.com/image/312/312/xif0q/mobile/w/h/f/-original-imahbk7pzzgc58gw.jpeg?q=70,"12,499",Light Gray,4GB,64GB,"['4 GB RAM | 64 GB ROM | Expandable Upto 1500 GB', '17.02 cm (6.7 inch) HD+ Display', '50MP + 2MP | 8MP Front Camera', '5000 mAh Battery', 'Dimensity 6300 Processor', '1 Year Manufacturer Warranty for Device and 6 Months for In-Box Accessories']"
58,MOB_024,Samsung Galaxy F16 5G,Mobile,4.2,21-07-2025 14:20,https://rukminim2.flixcart.com/image/312/312/xif0q/mobile/g/d/p/-original-imahcre2gqhfqgd8.jpeg?q=70,"18,999",Blue,8GB,128GB,"['8 GB RAM | 128 GB ROM', '16.91 cm (6.657 inch) Full HD+ Display', '50MP + 5MP + 2MP | 13MP Front Camera', '5000 mAh Battery', 'Dimensity 6300 Processor', '1 Year Manufacturer Warranty for Device and 6 Months for In-Box Accessories']"
59,MOB_025,Samsung Galaxy F16 5G,Mobile,4.2,21-07-2025 14:20,https://rukminim2.flixcart.com/image/312/312/xif0q/mobile/0/p/e/-original-imahcreftgm2kxjh.jpeg?q=70,"15,999",Graphite,4GB,128GB,"['4 GB RAM | 128 GB ROM', '16.91 cm (6.657 inch) Full HD+ Display', '50MP + 5MP + 2MP | 13MP Front Camera', '5000 mAh Battery', 'Dimensity 6300 Processor', '1 Year Manufacturer Warranty for Device and 6 Months for In-Box Accessories']"
90,MOB_056,Samsung Galaxy F16 5G,Mobile,4.2,21-07-2025 14:23,https://rukminim2.flixcart.com/image/312/312/xif0q/mobile/g/a/j/-original-imahcqcwhvvxsrgd.jpeg?q=70,"15,999",Awesome Navy,4GB,128GB,"['4 GB RAM | 128 GB ROM', '16.91 cm (6.657 inch) Full HD+ Display', '50MP + 5MP + 2MP | 13MP Front Camera', '5000 mAh Battery', 'Dimensity 6300 Processor', '1 Year Manufacturer Warranty for Device and 6 Months for In-Box Accessories']"
36,MOB_001,samsung galaxy m01 ,Mobile,3.6,27-05-2025,https://www.gizmochina.com/wp-content/uploads/2020/04/Samsung-Galaxy-M01-500x500.jpg?x10805,6099,Black,3GB,32GB,"Entry-level smartphone for basic usage, compact size, budget friendly"
37,MOB_002,samsung galaxy m01 core,Mobile,3.4,15-11-2025,https://images.fonearena.com/blog/wp-content/uploads/2020/07/Samsung-Galaxy-M01-Core-1-1024x959.jpg,4399,Black,2GB,32GB,"Ultra-budget smartphone for calling, messaging, and light apps"
88,MOB_054,Samsung Galaxy M16 5G,Mobile,4.1,21-07-2025 14:23,https://rukminim2.flixcart.com/image/312/312/xif0q/mobile/m/y/z/-original-imahayqwxy7zfr5x.jpeg?q=70,"13,999",Awesome Iceblue,4GB,128GB,"['4 GB RAM | 128 GB ROM', '17.02 cm (6.7 inch) Display', '50MP Rear Camera', '5000 mAh Battery', '1 Year Manufacturer Warranty for Phone and 6 Months Warranty for In the Box Accessories']"
89,MOB_055,Samsung Galaxy M16 5G,Mobile,4.1,21-07-2025 14:23,https://rukminim2.flixcart.com/image/312/312/xif0q/mobile/x/x/o/-original-imahayqwpsfa7kpp.jpeg?q=70,"13,999",Black,4GB,128GB,"['4 GB RAM | 128 GB ROM', '17.02 cm (6.7 inch) Display', '50MP Rear Camera', '5000 mAh Battery', '1 Year Manufacturer Warranty for Phone and 6 Months Warranty for In the Box Accessories']"
102,MOB_068,Samsung Galaxy M16 5G,Mobile,4.1,21-07-2025 14:24,https://rukminim2.flixcart.com/image/312/312/xif0q/mobile/f/3/q/-original-imahayqwe2fqeztp.jpeg?q=70,"13,999",Cobalt Violet,4GB,128GB,"['4 GB RAM | 128 GB ROM', '17.02 cm (6.7 inch) Display', '50MP Rear Camera', '5000 mAh Battery', '1 Year Manufacturer Warranty for Phone and 6 Months Warranty for In the Box Accessories']"
55,MOB_020,samsung galaxy m21,Mobile,4,22-04-2023,https://imgs.search.brave.com/vluuXmHjT6p3BZIm3QGoBUu6aYPw4grTNwCm9vaT5S0/rs:fit:500:0:1:0/g:ce/aHR0cHM6Ly9ydWtt/aW5pbTEuZmxpeGNh/cnQuY29tL2ltYWdl/LzQxNi80MTYvazZn/c2syODAvY2FzZXMt/Y292ZXJzL2JhY2st/Y292ZXIvMy9kL2Yv/c2xhc2gtYm10dXIx/MzAtb3JpZ2luYWwt/aW1hZmhlem1jYmhi/cmtoZy5qcGVnP3E9/NzA,12200,Blue,4GB,64GB,Budget smartphone with large battery and AMOLED display
42,MOB_007,samsung galaxy m21 ,Mobile,3.7,22-09-2023,https://gadgets.techlomedia.in/mobile-images/6604-71dujTTJDZL._SL1500_-min.jpg,12200,Raven Black,4GB,64GB,Standard M21 variant preferred for daily use
44,MOB_009,samsung galaxy m31,Mobile,2.1,22-12-2025,https://www.flipkart.com/samsung-galaxy-m31-ocean-blue-64-gb/p/itm1268b57512fb8,6499,Ocean Blue,6GB,128GB,Popular color variant of M31 with strong battery backup
43,MOB_008,samsung galaxy m31 ,Mobile,2.1,11-08-2025,https://rukminim2.flixcart.com/image/2384/2860/k7f34i80/mobile/k/g/h/samsung-galaxy-m31-sm-m315fzkgins-original-imafpnrzzt9krr9a.jpeg?q=60&crop=false,6499,Black,6GB,128GB,Mid-range phone with quad camera setup and very large battery
45,MOB_010,samsung galaxy m31 ,Mobile,2.1,27-02-2025,https://www.flipkart.com/samsung-galaxy-m31-ocean-blue-64-gb/p/itm1268b57512fb8?pid=MOBFPNPS6GTGZHE4&lid=LSTMOBFPNPS6GTGZHE43ATYL0&marketplace=FLIPKART&q=samsung%20galaxy%20m31%20%20black&sattr[]=color&sattr[]=storage&st=storage&otracker=search,6499,Space Black,6GB,64GB,Lower storage variant focused on affordability
46,MOB_011,samsung galaxy m31 prime edition ,Mobile,2.1,05-08-2025,https://m.media-amazon.com/images/I/71Sinqbw35L._SY679_.jpg,6499,Iceberg Blue,6GB,128GB,Prime Edition variant with clean software and popular blue finish
47,MOB_012,samsung galaxy m31 prime edition ,Mobile,2.1,12-02-2024,https://m.media-amazon.com/images/I/81TxKxCDFZL._SX679_.jpg,6499,Ocean Blue,6GB,128GB,Prime Edition variant popular with ocean blue finish
48,MOB_013,samsung galaxy m31s,Mobile,3.2,17-02-2024,https://m.media-amazon.com/images/I/71BFG8Zu7zL._SY679_.jpg,6290,Mirage Black,6GB,128GB,Slim design smartphone with fast charging and AMOLED display
49,MOB_014,samsung galaxy m31s,Mobile,3.2,11-03-2024,https://m.media-amazon.com/images/I/41cVLRT2gyL._SY300_SX300_QL70_FMwebp_.jpg,6290,Mirage Blue,6GB,128GB,Popular color variant of M31s with long battery life
50,MOB_015,samsung galaxy m31s ,Mobile,3.2,17-01-2025,https://m.media-amazon.com/images/I/61IhA2nsCFL._SY679_.jpg,6290,Mirage Blue,8GB,128GB,Higher RAM variant of M31s for smoother multitasking
65,MOB_031,Samsung Galaxy M35 5G,Mobile,4.3,21-07-2025 14:21,https://rukminim2.flixcart.com/image/312/312/xif0q/mobile/f/b/f/galaxy-m35-5g-sm-m356b-samsung-original-imah5vyfh4ckdyb5.jpeg?q=70,"25,999",Titanium Gray,8GB,128GB,"['8 GB RAM | 128 GB ROM', '16.76 cm (6.6 inch) Display', '50MP Rear Camera', '6000 mAh Battery', '1 YEAR']"
66,MOB_032,Samsung Galaxy M35 5G,Mobile,4.3,21-07-2025 14:21,https://rukminim2.flixcart.com/image/312/312/xif0q/mobile/n/u/5/galaxy-m35-5g-sm-m356b-samsung-original-imah5qgyszh7ygft.jpeg?q=70,"25,999",Blue Black,8GB,128GB,"['8 GB RAM | 128 GB ROM', '16.76 cm (6.6 inch) Display', '50MP Rear Camera', '6000 mAh Battery', '1 YEAR']"
80,MOB_046,Samsung Galaxy M35 5G,Mobile,4.4,21-07-2025 14:22,https://rukminim2.flixcart.com/image/312/312/xif0q/mobile/g/d/d/-original-imah8pvv87hy3tsg.jpeg?q=70,"24,499",Light Green,6GB,128GB,"['6 GB RAM | 128 GB ROM', '16.76 cm (6.6 inch) Display', '50MP Rear Camera', '6000 mAh Battery', '1 YEAR']"
97,MOB_063,Samsung Galaxy M35 5G,Mobile,4.3,21-07-2025 14:23,https://rukminim2.flixcart.com/image/312/312/xif0q/mobile/p/3/1/galaxy-m35-5g-sm-m356b-samsung-original-imah3fe8swtqmxek.jpeg?q=70,"27,999",Coral Green,8GB,256GB,"['8 GB RAM | 256 GB ROM', '16.76 cm (6.6 inch) Display', '50MP Rear Camera', '6000 mAh Battery', '1 YEAR']"
112,MOB_078,Samsung Galaxy M35 5G,Mobile,4.3,21-07-2025 14:25,https://rukminim2.flixcart.com/image/312/312/xif0q/mobile/1/7/f/galaxy-m35-5g-sm-m356b-samsung-original-imah3febzvtjehue.jpeg?q=70,"27,499",Awesome White,8GB,256GB,"['8 GB RAM | 256 GB ROM', '16.76 cm (6.6 inch) Display', '50MP Rear Camera', '6000 mAh Battery', '1 YEAR']"
116,MOB_082,Samsung Galaxy M35 5G,Mobile,4.3,21-07-2025 14:25,https://rukminim2.flixcart.com/image/312/312/xif0q/mobile/x/j/k/galaxy-m35-5g-sm-m356b-samsung-original-imah2z9qpdzzftzr.jpeg?q=70,"27,999",Blue Black,8GB,256GB,"['8 GB RAM | 256 GB ROM', '16.76 cm (6.6 inch) Display', '50MP Rear Camera', '6000 mAh Battery', '1 YEAR']"
51,MOB_016,samsung galaxy m51,Mobile,3.2,09-02-2024,https://m.media-amazon.com/images/I/713AhSUtbHL._SY679_.jpg,5915,Celestial Black,6GB,128GB,Battery-focused smartphone with massive battery and fast charging
52,MOB_017,samsung galaxy m51,Mobile,3.2,26-06-2024,https://m.media-amazon.com/images/I/713AhSUtbHL._SY679_.jpg,5915,Celestial Black,8GB,128GB,Popular variant of M51 with large RAM and battery
53,MOB_018,samsung galaxy m51 ,Mobile,3.2,17-12-2025,https://m.media-amazon.com/images/I/710weRkP-nL._SY679_.jpg,5915,Electric Blue,6GB,128GB,Popular color variant of M51 with large battery and AMOLED display
54,MOB_019,samsung galaxy m51 ,Mobile,3.2,29-11-2025,https://m.media-amazon.com/images/I/41f7Iv5hbSL._SY300_SX300_QL70_FMwebp_.jpg,5915,Electric Blue,8GB,128GB,High RAM variant of M51 with large battery
132,MOB_098,Samsung Galaxy M56 5G,Mobile,4.4,21-07-2025 14:27,https://rukminim2.flixcart.com/image/312/312/xif0q/mobile/u/7/e/galaxy-m56-5g-sm-m566blga-samsung-original-imahbh83dntgxzvr.jpeg?q=70,"30,999",Awesome Olive,8GB,128GB,"['8 GB RAM | 128 GB ROM', '17.02 cm (6.7 inch) Full HD+ E3 Super AMOLED Display', '50MP + 50MP + 8MP | 12MP + 2MP Dual Front Camera', '5000 mAh Battery', 'Octacore Processor', 'one-year warranty covering the device itself']"
39,MOB_004,samsung galaxy s22,Mobile,3,14-11-2023,https://images.samsung.com/is/image/samsung/p6pim/us/sm5s906uzkaxaa/gallery/us-galaxy-s22-plus-s906-sm5s906uzkaxaa-548996716?$PD_GALLERY_PNG$?$product-card-small-jpg$,25099,Phantom Black,8GB,128GB,"Premium flagship smartphone with compact design, high-end camera, and flagship performance"
40,MOB_005,samsung galaxy s23,Mobile,3,05-04-2023,https://www.samsung.com/us/smartphones/galaxy-s-series/certified-re-newed-store/buy/galaxy-s23-ultra-certified-re-newed-256gb-sku-sm5s918uzgaxaa,31799,Phantom Black,8GB,256GB,"Latest compact flagship with powerful processor, improved camera, and premium finish"
118,MOB_084,Samsung Galaxy S23 5G,Mobile,4.6,21-07-2025 14:26,https://rukminim2.flixcart.com/image/312/312/xif0q/mobile/p/w/p/-original-imah4zp8tfzndmmh.jpeg?q=70,"89,999",Titanium Violet,8GB,128GB,"['8 GB RAM | 128 GB ROM', '15.49 cm (6.1 inch) Full HD+ Display', '50MP + 10MP + 12MP | 12MP Front Camera', '3900 mAh Lithium Ion Battery', 'Qualcomm Snapdragon 8 Gen 2 Processor', '1 Year Manufacturer Warranty for Device and 6 Months Manufacturer Warranty for In-Box Accessories']"
137,MOB_103,Samsung Galaxy S23 5G,Mobile,4.6,21-07-2025 14:28,https://rukminim2.flixcart.com/image/312/312/xif0q/mobile/t/0/g/-original-imah4zp7fvqp8wev.jpeg?q=70,"89,999",Lit Violet,8GB,128GB,"['8 GB RAM | 128 GB ROM', '15.49 cm (6.1 inch) Full HD+ Display', '50MP + 10MP + 12MP | 12MP Front Camera', '3900 mAh Lithium Ion Battery', 'Qualcomm Snapdragon 8 Gen 2 Processor', '1 Year Manufacturer Warranty for Device and 6 Months Manufacturer Warranty for In-Box Accessories']"
130,MOB_096,Samsung Galaxy S23 5G ,Mobile,4.6,21-07-2025 14:27,https://rukminim2.flixcart.com/image/312/312/xif0q/mobile/y/8/i/-original-imah4zp7fgtezhsz.jpeg?q=70,"89,999",Awesome Navy,8GB,128GB,"['8 GB RAM | 128 GB ROM', '15.49 cm (6.1 inch) Full HD+ Display', '50MP + 10MP + 12MP | 12MP Front Camera', '3900 mAh Lithium Ion Battery', 'Qualcomm Snapdragon 8 Gen 2 Processor', '1 Year Manufacturer Warranty for Device and 6 Months Manufacturer Warranty for In-Box Accessories']"
125,MOB_091,Samsung Galaxy S23 FE,Mobile,4.4,21-07-2025 14:27,https://rukminim2.flixcart.com/image/312/312/xif0q/mobile/x/k/h/-original-imah5ywff9rr76zh.jpeg?q=70,"79,999",Onyx Black,8GB,128GB,"['8 GB RAM | 128 GB ROM', '16.26 cm (6.4 inch) Full HD+ Display', '50MP + 12MP | 10MP Front Camera', '4500 mAh Battery', 'Samsung Exynos 2200 Processor', '1 Year Manufacturer Warranty for Device and 6 Months for In-Box Accessories']"
67,MOB_033,Samsung Galaxy S24 5G,Mobile,4.6,21-07-2025 14:21,https://rukminim2.flixcart.com/image/312/312/xif0q/mobile/j/y/j/-original-imahcfwmfka3xgsu.jpeg?q=70,"74,999",Blush Pink,8GB,128GB,"['8 GB RAM | 128 GB ROM', '15.75 cm (6.2 inch) Full HD+ Display', '50MP + 10MP + 12MP | 12MP Front Camera', '4000 mAh Battery', 'Exynos 2400 Processor', '1 Year Manufacturer Warranty for Device and 6 Months for In-Box Accessories']"
68,MOB_034,Samsung Galaxy S24 5G,Mobile,4.6,21-07-2025 14:21,https://rukminim2.flixcart.com/image/312/312/xif0q/mobile/m/n/9/-original-imahcfwmchscq6fk.jpeg?q=70,"74,999",Black,8GB,128GB,"['8 GB RAM | 128 GB ROM', '15.75 cm (6.2 inch) Full HD+ Display', '50MP + 10MP + 12MP | 12MP Front Camera', '4000 mAh Battery', 'Exynos 2400 Processor', '1 Year Manufacturer Warranty for Device and 6 Months for In-Box Accessories']"
76,MOB_042,Samsung Galaxy S24 5G,Mobile,4.6,21-07-2025 14:22,https://rukminim2.flixcart.com/image/312/312/xif0q/mobile/9/5/3/-original-imahcfwmnqgkdfxr.jpeg?q=70,"74,999",Light Green,8GB,128GB,"['8 GB RAM | 128 GB ROM', '15.75 cm (6.2 inch) Full HD+ Display', '50MP + 10MP + 12MP | 12MP Front Camera', '4000 mAh Battery', 'Exynos 2400 Processor', '1 Year Manufacturer Warranty for Device and 6 Months for In-Box Accessories']"
83,MOB_049,Samsung Galaxy S24 5G,Mobile,4.6,21-07-2025 14:22,https://rukminim2.flixcart.com/image/312/312/xif0q/mobile/m/n/9/-original-imahcfwmchscq6fk.jpeg?q=70,"79,999",Awesome Light Gray,8GB,256GB,"['8 GB RAM | 256 GB ROM', '15.75 cm (6.2 inch) Full HD+ Display', '50MP + 10MP + 12MP | 12MP Front Camera', '4000 mAh Battery', 'Exynos 2400 Processor', '1 Year Manufacturer Warranty for Device and 6 Months for In-Box Accessories']"
86,MOB_052,Samsung Galaxy S24 5G,Mobile,4.6,21-07-2025 14:22,https://rukminim2.flixcart.com/image/312/312/xif0q/mobile/9/5/3/-original-imahcfwmnqgkdfxr.jpeg?q=70,"79,999",Light Green,8GB,256GB,"['8 GB RAM | 256 GB ROM', '15.75 cm (6.2 inch) Full HD+ Display', '50MP + 10MP + 12MP | 12MP Front Camera', '4000 mAh Battery', 'Exynos 2400 Processor', '1 Year Manufacturer Warranty for Device and 6 Months for In-Box Accessories']"
131,MOB_097,Samsung Galaxy S24 5G,Mobile,4.6,21-07-2025 14:27,https://rukminim2.flixcart.com/image/312/312/xif0q/mobile/j/y/j/-original-imahcfwmfka3xgsu.jpeg?q=70,"79,999",Graphite,8GB,256GB,"['8 GB RAM | 256 GB ROM', '15.75 cm (6.2 inch) Full HD+ Display', '50MP + 10MP + 12MP | 12MP Front Camera', '4000 mAh Battery', 'Exynos 2400 Processor', '1 Year Manufacturer Warranty for Device and 6 Months for In-Box Accessories']"
69,MOB_035,Samsung Galaxy S24 FE 5G,Mobile,4.5,21-07-2025 14:21,https://rukminim2.flixcart.com/image/312/312/xif0q/mobile/r/s/z/-original-imahcfwmdvbcgdzs.jpeg?q=70,"65,999",Navy,8GB,256GB,"['8 GB RAM | 256 GB ROM', '17.02 cm (6.7 inch) Full HD+ Display', '50MP + 12MP | 10MP Front Camera', '4700 mAh Battery', 'Exynos 2400e Processor', '1 Year Manufacturer Warranty for Device and 6 Months for In-Box Accessories']"
70,MOB_036,Samsung Galaxy S24 FE 5G,Mobile,4.5,21-07-2025 14:21,https://rukminim2.flixcart.com/image/312/312/xif0q/mobile/t/m/g/-original-imahcfwmrnwy9zgn.jpeg?q=70,"59,999",Awesome Graphite,8GB,128GB,"['8 GB RAM | 128 GB ROM', '17.02 cm (6.7 inch) Full HD+ Display', '50MP + 12MP | 10MP Front Camera', '4700 mAh Battery', 'Exynos 2400e Processor', '1 Year Manufacturer Warranty for Device and 6 Months for In-Box Accessories']"
71,MOB_037,Samsung Galaxy S24 FE 5G,Mobile,4.5,21-07-2025 14:21,https://rukminim2.flixcart.com/image/312/312/xif0q/mobile/t/m/g/-original-imahcfwmrnwy9zgn.jpeg?q=70,"65,999",Cream,8GB,256GB,"['8 GB RAM | 256 GB ROM', '17.02 cm (6.7 inch) Full HD+ Display', '50MP + 12MP | 10MP Front Camera', '4700 mAh Battery', 'Exynos 2400e Processor', '1 Year Manufacturer Warranty for Device and 6 Months for In-Box Accessories']"
72,MOB_038,Samsung Galaxy S24 FE 5G,Mobile,4.5,21-07-2025 14:21,https://rukminim2.flixcart.com/image/312/312/xif0q/mobile/n/y/y/-original-imahcfwmhfccryad.jpeg?q=70,"59,999",Gold,8GB,128GB,"['8 GB RAM | 128 GB ROM', '17.02 cm (6.7 inch) Full HD+ Display', '50MP + 12MP | 10MP Front Camera', '4700 mAh Battery', 'Exynos 2400e Processor', '1 Year Manufacturer Warranty for Device and 6 Months for In-Box Accessories']"
78,MOB_044,Samsung Galaxy S24 FE 5G,Mobile,4.5,21-07-2025 14:22,https://rukminim2.flixcart.com/image/312/312/xif0q/mobile/n/y/y/-original-imahcfwmhfccryad.jpeg?q=70,"65,999",Amber Yellow,8GB,256GB,"['8 GB RAM | 256 GB ROM', '17.02 cm (6.7 inch) Full HD+ Display', '50MP + 12MP | 10MP Front Camera', '4700 mAh Battery', 'Exynos 2400e Processor', '1 Year Manufacturer Warranty for Device and 6 Months for In-Box Accessories']"
79,MOB_045,Samsung Galaxy S24 FE 5G,Mobile,4.5,21-07-2025 14:22,https://rukminim2.flixcart.com/image/312/312/xif0q/mobile/r/s/z/-original-imahcfwmdvbcgdzs.jpeg?q=70,"59,999",Thunder Grey,8GB,128GB,"['8 GB RAM | 128 GB ROM', '17.02 cm (6.7 inch) Full HD+ Display', '50MP + 12MP | 10MP Front Camera', '4700 mAh Battery', 'Exynos 2400e Processor', '1 Year Manufacturer Warranty for Device and 6 Months for In-Box Accessories']"
99,MOB_065,Samsung Galaxy S24 Ultra 5G,Mobile,4.6,21-07-2025 14:23,https://rukminim2.flixcart.com/image/312/312/xif0q/mobile/w/5/h/-original-imahyvnuta2aadbw.jpeg?q=70,"1,34,999",Bahama Blue,12GB,256GB,"['12 GB RAM | 256 GB ROM', '17.27 cm (6.8 inch) Quad HD+ Display', '200MP + 50MP + 12MP + 10MP | 12MP Front Camera', '5000 mAh Battery', 'Snapdragon 8 Gen 3 Processor', '1 Year Manufacturer Warranty for Device and 6 Months for In-Box Accessories']"
106,MOB_072,Samsung Galaxy S24 Ultra 5G,Mobile,4.6,21-07-2025 14:24,https://rukminim2.flixcart.com/image/312/312/xif0q/mobile/5/i/7/-original-imahfu766ybd5h4z.jpeg?q=70,"1,34,999",Daybreak Blue,12GB,256GB,"['12 GB RAM | 256 GB ROM', '17.27 cm (6.8 inch) Quad HD+ Display', '200MP + 50MP + 12MP + 10MP | 12MP Front Camera', '5000 mAh Battery', 'Snapdragon 8 Gen 3 Processor', '1 Year Manufacturer Warranty for Device and 6 Months for In-Box Accessories']"
113,MOB_079,Samsung Galaxy S24 Ultra 5G,Mobile,4.6,21-07-2025 14:25,https://rukminim2.flixcart.com/image/312/312/xif0q/mobile/y/e/8/-original-imahyvntxfrpuw6g.jpeg?q=70,"1,34,999",Moonlight Blue,12GB,256GB,"['12 GB RAM | 256 GB ROM', '17.27 cm (6.8 inch) Quad HD+ Display', '200MP + 50MP + 12MP + 10MP | 12MP Front Camera', '5000 mAh Battery', 'Snapdragon 8 Gen 3 Processor', '1 Year Manufacturer Warranty for Device and 6 Months for In-Box Accessories']"
63,MOB_029,Samsung Galaxy S24+ 5G,Mobile,4.5,21-07-2025 14:21,https://rukminim2.flixcart.com/image/312/312/xif0q/mobile/u/i/y/-original-imah4zp7chcqfzwh.jpeg?q=70,"99,999",Awesome Navy,12GB,256GB,"['12 GB RAM | 256 GB ROM', '17.02 cm (6.7 inch) Quad HD+ Display', '50MP + 10MP + 12MP | 12MP Front Camera', '4900 mAh Battery', 'Exynos 2400 Processor', '1 Year Manufacturer Warranty for Device and 6 Months for In-Box Accessories']"
105,MOB_071,Samsung Galaxy S24+ 5G,Mobile,4.5,21-07-2025 14:24,https://rukminim2.flixcart.com/image/312/312/xif0q/mobile/z/w/w/-original-imah4zp8pf2uehv4.jpeg?q=70,"99,999",Cobalt Violet,12GB,256GB,"['12 GB RAM | 256 GB ROM', '17.02 cm (6.7 inch) Quad HD+ Display', '50MP + 10MP + 12MP | 12MP Front Camera', '4900 mAh Battery', 'Exynos 2400 Processor', '1 Year Manufacturer Warranty for Device and 6 Months for In-Box Accessories']"
134,MOB_100,Samsung Galaxy S25 5G,Mobile,4.6,21-07-2025 14:28,https://rukminim2.flixcart.com/image/312/312/xif0q/mobile/d/m/k/-original-imahch2h4yjyygy2.jpeg?q=70,"80,999",Vibing Blue,12GB,256GB,"['12 GB RAM | 256 GB ROM', '15.75 cm (6.2 inch) Full HD+ Display', '50MP + 10MP + 12MP | 12MP Front Camera', '4000 mAh Battery', '8 Elite Processor', '1 Year Manufacturer Warranty for Device and 6 Months for In-Box Accessories']"
129,MOB_095,Samsung Galaxy S25 5G ,Mobile,4.6,21-07-2025 14:27,https://rukminim2.flixcart.com/image/312/312/xif0q/mobile/1/s/a/-original-imahch2h6ucehmgs.jpeg?q=70,"80,999",Awesome Iceblue,12GB,256GB,"['12 GB RAM | 256 GB ROM', '15.75 cm (6.2 inch) Full HD+ Display', '50MP + 10MP + 12MP | 12MP Front Camera', '4000 mAh Battery', '8 Elite for Galaxy Processor', '1 Year Manufacturer Warranty for Device and 6 Months for In-Box Accessories']"
133,MOB_099,Samsung Galaxy S25 Ultra 5G,Mobile,4.7,21-07-2025 14:27,https://rukminim2.flixcart.com/image/312/312/xif0q/mobile/z/c/n/-original-imahch2huanfywjg.jpeg?q=70,"1,29,999",Amber Yellow,12GB,256GB,"['12 GB RAM | 256 GB ROM', '17.53 cm (6.9 inch) Quad HD+ Display', '200MP + 50MP + 50MP + 10MP | 12MP Front Camera', '5000 mAh Battery', '8 Elite for Galaxy Processor', '1 Year Manufacturer Warranty for Device and 6 Months for In-Box Accessories']"
233,WAT_001,Samsung Galaxy Watch Ultra,Smartwatch,4.6,NA,https://images.samsung.com/is/image/samsung/p6pim/in/f2507/gallery/in-galaxy-watch-ultra-2025-l705-sm-l705fzb1ins-thumb-547659878?$Q90_330_330_F_PNG$,59999,Titanium Gray / Titanium Silver / Titanium White,1.5GB,16GB,"Premium rugged smartwatch with titanium frame and sapphire crystal glass designed for extreme environments with extended battery life up to 100 hours in power saving mode, accurate dual frequency GPS, advanced health and fitness tracking and customizable multisport modes"
241,WAT_012,samsung galaxy watch6,Smartwatch,2.9,16-09-2024,https://images.samsung.com/is/image/samsung/p6pim/in/2307/gallery/in-galaxy-watch6-classic-r965-sm-r960nzkains-thumb-537406124?$Q90_330_330_F_PNG$,12599,Black,,,"Smartwatch with health tracking, fitness features, and AMOLED display"
237,WAT_005,Samsung Galaxy Watch7 40mm Bluetooth,Smartwatch,4.4,NA,https://images.samsung.com/is/image/samsung/p6pim/in/sm-l300nzeains/gallery/in-galaxy-watch7-l300-sm-l300nzeains-thumb-545485022?$Q90_330_330_F_PNG$,29999,Green / Cream,1.5GB,16GB,"Smartwatch with Super AMOLED display, health tracking, durable design"
238,WAT_006,Samsung Galaxy Watch7 40mm LTE,Smartwatch,4.4,NA,https://images.samsung.com/is/image/samsung/p6pim/in/2407/gallery/in-galaxy-watch7-l305-sm-l305fzgains-thumb-542367129?$Q90_330_330_F_PNG$,33999,Green / Cream,1.5GB,16GB,Watch7 with cellular support and advanced sensors
239,WAT_007,Samsung Galaxy Watch7 44mm Bluetooth,Smartwatch,4.4,NA,https://images.samsung.com/is/image/samsung/p6pim/in/2407/gallery/in-galaxy-watch7-l310-sm-l310nzgains-thumb-542366964?$Q90_330_330_F_PNG$,32999,Green / Silver,1.5GB,16GB,Larger dial Watch7 with Bluetooth connectivity and fitness tracking
240,WAT_008,Samsung Galaxy Watch7 44mm LTE,Smartwatch,4.4,NA,https://images.samsung.com/is/image/samsung/p6pim/in/2407/gallery/in-galaxy-watch7-l315-sm-l315fzgains-thumb-542367168?$Q90_330_330_F_PNG$,36999,Green / Silver,1.5GB,16GB,44mm LTE variant offering on the go connectivity
234,WAT_002,Samsung Galaxy Watch8 40mm,Smartwatch,4.6,NA,https://images.samsung.com/is/image/samsung/p6pim/in/f2507/gallery/in-galaxy-watch8-l325-sm-l325fzsains-thumb-547660329?$Q90_330_330_F_PNG$,32999,Graphite / Silver,1.5GB,16GB,"Smartwatch with thin and comfortable design, advanced health monitoring with vascular load and antioxidant index, built in AI assistant, Super AMOLED display and Wear OS for apps and notifications"
235,WAT_003,Samsung Galaxy Watch8 44mm,Smartwatch,4.6,NA,https://images.samsung.com/is/image/samsung/p6pim/in/f2507/gallery/in-galaxy-watch8-l330-sm-l330nzsains-thumb-547660161?$Q90_330_330_F_PNG$,35999,Graphite / Silver,1.5GB,16GB,Larger dial variant of Watch8 with enhanced battery and health tracking
236,WAT_004,Samsung Galaxy Watch8 Classic 46mm,Smartwatch,4.3,NA,https://images.samsung.com/is/image/samsung/p6pim/in/f2507/gallery/in-galaxy-watch8-classic-l505-sm-l505fzwains-thumb-547660134?$Q90_330_330_F_PNG$,46999,Black / White,1.5GB,16GB,"Classic design variant with rotating bezel, Wear OS and advanced health tracking"
114,MOB_080,Samsung Galaxy Z Flip6 5G,Mobile,4.4,21-07-2025 14:25,https://rukminim2.flixcart.com/image/312/312/xif0q/mobile/t/k/r/-original-imah2nd65a5c4zjr.jpeg?q=70,"1,09,999",Bling Black,12GB,256GB,"['12 GB RAM | 256 GB ROM', '17.02 cm (6.7 inch) Full HD+ Display', '50MP + 12MP | 10MP Front Camera', '4000 mAh Lithium ion Battery', 'Snapdragon 8 Gen 3 Processor', '1 Year Manufacturer Warranty for Device and 6 Months for In-Box Accessories']"
41,MOB_006,samsung galaxy z fold5,Mobile,2.8,18-12-2024,https://image-us.samsung.com/SamsungUS/home/mobile/smartphone/z-fold5/SDSAC-9580-ZFold5_PhantomBlack_CRN_Product_Images_Box_Lock-up-800x600.jpg?$product-details-jpg$,67299,Silver,12GB,512GB,Premium foldable smartphone with large inner display for multitasking
61,MOB_027,Samsung M05,Mobile,4.3,21-07-2025 14:20,https://rukminim2.flixcart.com/image/312/312/xif0q/mobile/z/2/v/m05-sm-m055f-samsung-original-imah4z9v2qp2tpgw.jpeg?q=70,"9,999",Black,4GB,64GB,"['4 GB RAM | 64 GB ROM', '17.02 cm (6.7 inch) Display', '50MP Rear Camera', '5000 mAh Battery', '1 year manufacturer warranty for device and 6 months manufacturer warranty for in-box accessories including batteries from the date of purchase']"
95,MOB_061,Samsung M06 5G,Mobile,4.1,21-07-2025 14:23,https://rukminim2.flixcart.com/image/312/312/xif0q/mobile/n/t/g/-original-imaha58mcdsfygaq.jpeg?q=70,"13,999",Mint Green,6GB,128GB,"['6 GB RAM | 128 GB ROM', '17.02 cm (6.7 inch) Display', '50MP Rear Camera', '5000 mAh Battery', '1 Year Manufacturer Warranty for Phone and 6 Months Warranty for In the Box Accessories']"
98,MOB_064,Samsung M06 5G,Mobile,4.1,21-07-2025 14:23,https://rukminim2.flixcart.com/image/312/312/xif0q/mobile/h/y/x/-original-imaha58mehzvmk9w.jpeg?q=70,"13,999",Thunder Black,6GB,128GB,"['6 GB RAM | 128 GB ROM', '17.02 cm (6.7 inch) Display', '50MP Rear Camera', '5000 mAh Battery', '1 Year Manufacturer Warranty for Phone and 6 Months Warranty for In the Box Accessories']"
126,MOB_092,Samsung M55s,Mobile,4.1,21-07-2025 14:27,https://rukminim2.flixcart.com/image/312/312/xif0q/mobile/r/e/q/m55s-sm-m558b-samsung-original-imah62g5jntat5mc.jpeg?q=70,"28,999",Awesome Lilac,8GB,128GB,"['8 GB RAM | 128 GB ROM', '17.02 cm (6.7 inch) Display', '50MP Rear Camera', '5000 mAh Battery', '1 Year']"
138,MOB_104,Samsung M55s,Mobile,4.1,21-07-2025 14:28,https://rukminim2.flixcart.com/image/312/312/xif0q/mobile/a/i/k/m55s-sm-m558b-samsung-original-imah5wyg6jqmh3uv.jpeg?q=70,"28,999",Moonlight Blue,8GB,128GB,"['8 GB RAM | 128 GB ROM', '17.02 cm (6.7 inch) Full HD+ Display', '50MP Rear Camera', '5000 mAh Battery', 'snapdragon Processor', '1 Year']"
108,MOB_074,Samsung Metro 313,Mobile,3.2,21-07-2025 14:24,https://rukminim2.flixcart.com/image/312/312/xif0q/mobile/z/e/n/metro-313-sm-b313e-samsung-original-imahafz7embuh5hc.jpeg?q=70,"1,955",Cobalt Violet,4MB,2MB,"['4 MB RAM | 2 MB ROM | Expandable Upto 16 GB', '5.16 cm (2.03 inch) Display', '0.3MP Rear Camera', '1000 mAh Battery', '1 Year Manufacturer Warranty']"
103,MOB_069,Samsung SM 310E BLACK,Mobile,3.4,21-07-2025 14:24,https://rukminim2.flixcart.com/image/312/312/xif0q/mobile/8/x/t/sm-310e-black-sm-310e-samsung-original-imahdh65ck9tgevp.jpeg?q=70,"1,600",Thunder Black,8MB,8MB,"['8 MB RAM | 8 MB ROM', '4.83 cm (1.9 inch) Display', '0.2MP Rear Camera', '800 mAh Battery', 'NO']"
91,MOB_057,Samsung SM-B310EZDDINS,Mobile,3.2,21-07-2025 14:23,https://rukminim2.flixcart.com/image/312/312/xif0q/mobile/4/d/t/sm-b310ezddins-guru-music-2-samsung-original-imahcbygguddsndg.jpeg?q=70,"2,199",Twilight Blue,100MB,100MB,"['100 MB RAM | 100 MB ROM | Expandable Upto 100 MB', '4.57 cm (1.8 inch) VGA Display', '0MP | 0MP Front Camera', '800 mAh Battery', 'NA Processor', 'No Warranty']"
139,SOU_009,samsung soundbar,Soundbar,2.9,06-03-2024,https://images.samsung.com/is/image/samsung/in-soundbar-t42e-hw-t42e-xl-frontblack-thumb-234232310?$Q90_330_330_F_PNG$,92990,Black,NA,NA,Home audio system with deep bass and enhanced TV sound experience
24,GAL_004,Samsung -tuned IC100 Type-C Earphone Wired,Galaxy_buds,4.1,NA,https://images.samsung.com/is/image/samsung/p6pim/uk/eo-ic100bbegeu/gallery/uk-samsung-type-c-earphones-eo-ic100-eo-ic100bbegeu-thumb-532920849?$216_216_PNG$,"1,999",Black,NA,NA,"Wired in-ear earphones with USB-C connector, tuned by AKG for balanced and clear audio."
